kind,prompt_file,family,length_class,temperature,ctx,n,status,prefill_tps,generation_tps,wall_seconds,stdout_bytes,log,out
plain,issue468/prompts/baseline_corpus/code_16k.txt,code,16k,0.0,32768,640,ok,375.22,30.66,50.13,2775,issue468/artifacts/plain_baseline_matrix/logs/plain__code__16k__t0p0.log,issue468/artifacts/plain_baseline_matrix/logs/plain__code__16k__t0p0.out
plain,issue468/prompts/baseline_corpus/code_16k.txt,code,16k,0.5,32768,640,ok,363.41,30.87,43.109,2794,issue468/artifacts/plain_baseline_matrix/logs/plain__code__16k__t0p5.log,issue468/artifacts/plain_baseline_matrix/logs/plain__code__16k__t0p5.out
plain,issue468/prompts/baseline_corpus/code_16k.txt,code,16k,1.0,32768,640,ok,372.46,30.86,42.399,2924,issue468/artifacts/plain_baseline_matrix/logs/plain__code__16k__t1p0.log,issue468/artifacts/plain_baseline_matrix/logs/plain__code__16k__t1p0.out
plain,issue468/prompts/baseline_corpus/code_4k.txt,code,4k,0.0,32768,640,ok,359.84,36.49,23.5,2511,issue468/artifacts/plain_baseline_matrix/logs/plain__code__4k__t0p0.log,issue468/artifacts/plain_baseline_matrix/logs/plain__code__4k__t0p0.out
plain,issue468/prompts/baseline_corpus/code_4k.txt,code,4k,0.5,32768,640,ok,346.42,36.12,23.916,2638,issue468/artifacts/plain_baseline_matrix/logs/plain__code__4k__t0p5.log,issue468/artifacts/plain_baseline_matrix/logs/plain__code__4k__t0p5.out
plain,issue468/prompts/baseline_corpus/code_4k.txt,code,4k,1.0,32768,640,ok,349.84,36.5,23.658,2804,issue468/artifacts/plain_baseline_matrix/logs/plain__code__4k__t1p0.log,issue468/artifacts/plain_baseline_matrix/logs/plain__code__4k__t1p0.out
plain,issue468/prompts/baseline_corpus/code_8k.txt,code,8k,0.0,32768,640,ok,356.35,32.35,31.664,2742,issue468/artifacts/plain_baseline_matrix/logs/plain__code__8k__t0p0.log,issue468/artifacts/plain_baseline_matrix/logs/plain__code__8k__t0p0.out
plain,issue468/prompts/baseline_corpus/code_8k.txt,code,8k,0.5,32768,640,ok,372.47,31.83,31.496,2609,issue468/artifacts/plain_baseline_matrix/logs/plain__code__8k__t0p5.log,issue468/artifacts/plain_baseline_matrix/logs/plain__code__8k__t0p5.out
plain,issue468/prompts/baseline_corpus/code_8k.txt,code,8k,1.0,32768,640,ok,373.44,31.94,31.373,2762,issue468/artifacts/plain_baseline_matrix/logs/plain__code__8k__t1p0.log,issue468/artifacts/plain_baseline_matrix/logs/plain__code__8k__t1p0.out
plain,issue468/prompts/baseline_corpus/grounded_16k.txt,grounded,16k,0.0,32768,640,ok,372.3,31.44,42.73,2751,issue468/artifacts/plain_baseline_matrix/logs/plain__grounded__16k__t0p0.log,issue468/artifacts/plain_baseline_matrix/logs/plain__grounded__16k__t0p0.out
plain,issue468/prompts/baseline_corpus/grounded_16k.txt,grounded,16k,0.5,32768,640,ok,367.26,30.05,43.992,2943,issue468/artifacts/plain_baseline_matrix/logs/plain__grounded__16k__t0p5.log,issue468/artifacts/plain_baseline_matrix/logs/plain__grounded__16k__t0p5.out
plain,issue468/prompts/baseline_corpus/grounded_16k.txt,grounded,16k,1.0,32768,640,ok,373.85,30.94,42.978,2694,issue468/artifacts/plain_baseline_matrix/logs/plain__grounded__16k__t1p0.log,issue468/artifacts/plain_baseline_matrix/logs/plain__grounded__16k__t1p0.out
plain,issue468/prompts/baseline_corpus/grounded_4k.txt,grounded,4k,0.0,32768,640,ok,357.18,37.59,23.441,2386,issue468/artifacts/plain_baseline_matrix/logs/plain__grounded__4k__t0p0.log,issue468/artifacts/plain_baseline_matrix/logs/plain__grounded__4k__t0p0.out
plain,issue468/prompts/baseline_corpus/grounded_4k.txt,grounded,4k,0.5,32768,640,ok,354.47,36.69,23.914,2386,issue468/artifacts/plain_baseline_matrix/logs/plain__grounded__4k__t0p5.log,issue468/artifacts/plain_baseline_matrix/logs/plain__grounded__4k__t0p5.out
plain,issue468/prompts/baseline_corpus/grounded_4k.txt,grounded,4k,1.0,32768,640,ok,343.97,36.93,23.982,2316,issue468/artifacts/plain_baseline_matrix/logs/plain__grounded__4k__t1p0.log,issue468/artifacts/plain_baseline_matrix/logs/plain__grounded__4k__t1p0.out
plain,issue468/prompts/baseline_corpus/grounded_8k.txt,grounded,8k,0.0,32768,640,ok,369.29,31.92,31.686,2453,issue468/artifacts/plain_baseline_matrix/logs/plain__grounded__8k__t0p0.log,issue468/artifacts/plain_baseline_matrix/logs/plain__grounded__8k__t0p0.out
plain,issue468/prompts/baseline_corpus/grounded_8k.txt,grounded,8k,0.5,32768,640,ok,366.72,31.39,32.098,2278,issue468/artifacts/plain_baseline_matrix/logs/plain__grounded__8k__t0p5.log,issue468/artifacts/plain_baseline_matrix/logs/plain__grounded__8k__t0p5.out
plain,issue468/prompts/baseline_corpus/grounded_8k.txt,grounded,8k,1.0,32768,640,ok,375.36,31.38,31.849,2703,issue468/artifacts/plain_baseline_matrix/logs/plain__grounded__8k__t1p0.log,issue468/artifacts/plain_baseline_matrix/logs/plain__grounded__8k__t1p0.out
plain,issue468/prompts/baseline_corpus/synthesis_16k.txt,synthesis,16k,0.0,32768,640,ok,375.3,31.53,41.511,2587,issue468/artifacts/plain_baseline_matrix/logs/plain__synthesis__16k__t0p0.log,issue468/artifacts/plain_baseline_matrix/logs/plain__synthesis__16k__t0p0.out
plain,issue468/prompts/baseline_corpus/synthesis_16k.txt,synthesis,16k,0.5,32768,640,ok,377.14,30.86,41.868,2658,issue468/artifacts/plain_baseline_matrix/logs/plain__synthesis__16k__t0p5.log,issue468/artifacts/plain_baseline_matrix/logs/plain__synthesis__16k__t0p5.out
plain,issue468/prompts/baseline_corpus/synthesis_16k.txt,synthesis,16k,1.0,32768,640,ok,377.11,30.87,41.866,2767,issue468/artifacts/plain_baseline_matrix/logs/plain__synthesis__16k__t1p0.log,issue468/artifacts/plain_baseline_matrix/logs/plain__synthesis__16k__t1p0.out
plain,issue468/prompts/baseline_corpus/synthesis_4k.txt,synthesis,4k,0.0,32768,640,ok,361.39,37.83,23.016,2468,issue468/artifacts/plain_baseline_matrix/logs/plain__synthesis__4k__t0p0.log,issue468/artifacts/plain_baseline_matrix/logs/plain__synthesis__4k__t0p0.out
plain,issue468/prompts/baseline_corpus/synthesis_4k.txt,synthesis,4k,0.5,32768,640,ok,361.86,36.92,23.4,2571,issue468/artifacts/plain_baseline_matrix/logs/plain__synthesis__4k__t0p5.log,issue468/artifacts/plain_baseline_matrix/logs/plain__synthesis__4k__t0p5.out
plain,issue468/prompts/baseline_corpus/synthesis_4k.txt,synthesis,4k,1.0,32768,640,ok,366.14,37.04,23.257,2653,issue468/artifacts/plain_baseline_matrix/logs/plain__synthesis__4k__t1p0.log,issue468/artifacts/plain_baseline_matrix/logs/plain__synthesis__4k__t1p0.out
plain,issue468/prompts/baseline_corpus/synthesis_8k.txt,synthesis,8k,0.0,32768,640,ok,374.6,33.12,30.403,2017,issue468/artifacts/plain_baseline_matrix/logs/plain__synthesis__8k__t0p0.log,issue468/artifacts/plain_baseline_matrix/logs/plain__synthesis__8k__t0p0.out
plain,issue468/prompts/baseline_corpus/synthesis_8k.txt,synthesis,8k,0.5,32768,640,ok,364.85,32.32,31.153,2399,issue468/artifacts/plain_baseline_matrix/logs/plain__synthesis__8k__t0p5.log,issue468/artifacts/plain_baseline_matrix/logs/plain__synthesis__8k__t0p5.out
plain,issue468/prompts/baseline_corpus/synthesis_8k.txt,synthesis,8k,1.0,32768,640,ok,374.04,32.62,30.719,2268,issue468/artifacts/plain_baseline_matrix/logs/plain__synthesis__8k__t1p0.log,issue468/artifacts/plain_baseline_matrix/logs/plain__synthesis__8k__t1p0.out
