stratum,round,order_position,selector,layers,gpu_ms,kernel_ms,wall_ms
0,0,0,0,43,10.723500,1.177791,18.294000
0,0,1,2,43,10.747125,1.175458,18.346000
0,0,2,1,43,10.876917,1.128833,18.324000
0,0,3,32,43,15.822792,1.110833,22.900000
0,0,4,128,43,35.013500,1.048292,42.041000
0,1,0,2,43,10.719542,1.084500,17.775000
0,1,1,1,43,10.871500,1.063833,18.003000
0,1,2,32,43,15.834959,1.122084,22.865000
0,1,3,128,43,35.040042,1.091583,42.348000
0,1,4,0,43,10.733458,1.088625,17.875000
0,2,0,1,43,10.865250,1.135416,18.091000
0,2,1,32,43,15.817209,1.040666,22.671000
0,2,2,128,43,35.460250,1.180958,42.808000
0,2,3,0,43,11.078875,1.099916,18.727000
0,2,4,2,43,11.247417,1.179333,18.538000
0,3,0,32,43,15.995250,1.448000,23.341000
0,3,1,128,43,35.514833,1.307458,43.249000
0,3,2,0,43,11.098500,1.382875,18.606000
0,3,3,2,43,10.870917,1.378208,18.157000
0,3,4,1,43,11.202875,1.303417,19.286000
0,4,0,128,43,35.658250,1.466042,43.851000
0,4,1,0,43,11.004042,1.167250,18.233000
0,4,2,2,43,11.059500,0.988750,18.226000
0,4,3,1,43,11.267333,0.982334,18.539000
0,4,4,32,43,16.002875,1.281875,23.100000
0,5,0,0,43,10.737583,1.061292,17.930000
0,5,1,128,43,35.046208,1.031958,42.569000
0,5,2,32,43,15.808709,1.132500,23.017000
0,5,3,1,43,10.843917,1.081250,18.080000
0,5,4,2,43,10.726042,1.094542,17.348000
0,6,0,2,43,10.710417,1.080083,18.065000
0,6,1,0,43,10.741792,1.154917,18.220000
0,6,2,128,43,35.044458,1.061750,42.117000
0,6,3,32,43,15.832417,1.038709,22.850000
0,6,4,1,43,10.876125,1.104917,17.906000
0,7,0,1,43,10.857166,1.107792,18.303000
0,7,1,2,43,10.738542,1.335833,19.457000
0,7,2,0,43,11.029375,1.150792,18.908000
0,7,3,128,43,35.808208,1.275333,44.002000
0,7,4,32,43,16.291375,1.216958,23.796000
0,8,0,32,43,16.227833,1.088583,23.099000
0,8,1,1,43,11.135042,0.993042,18.383000
0,8,2,2,43,11.187458,1.029792,18.471000
0,8,3,0,43,11.075000,1.080583,18.623000
0,8,4,128,43,35.371417,1.026167,42.626000
0,9,0,128,43,35.017000,1.066584,42.349000
0,9,1,32,43,15.844916,1.169167,22.953000
0,9,2,1,43,10.855750,1.077125,17.963000
0,9,3,2,43,10.726167,1.102708,17.931000
0,9,4,0,43,10.715958,1.093334,18.111000
0,10,0,0,43,10.724708,1.077375,17.915000
0,10,1,2,43,10.832583,1.170583,18.309000
0,10,2,1,43,11.105667,1.255292,18.303000
0,10,3,32,43,16.259584,1.096833,23.382000
0,10,4,128,43,35.780417,1.290334,43.497000
0,11,0,2,43,11.042667,1.196917,18.725000
0,11,1,1,43,11.118417,1.094541,18.363000
0,11,2,32,43,15.987125,1.090458,23.026000
0,11,3,128,43,34.961583,1.155000,42.830000
0,11,4,0,43,10.729292,1.119292,18.349000
0,12,0,1,43,10.864500,1.113750,18.000000
0,12,1,32,43,15.811458,1.086500,22.881000
0,12,2,128,43,35.005250,1.067708,42.149000
0,12,3,0,43,10.715083,1.066958,18.027000
0,12,4,2,43,10.732417,1.028583,17.798000
0,13,0,32,43,15.826166,1.098083,22.938000
0,13,1,128,43,34.958625,1.062167,42.208000
0,13,2,0,43,10.712875,1.070000,18.102000
0,13,3,2,43,10.719708,1.089292,17.793000
0,13,4,1,43,10.849291,1.087792,18.277000
0,14,0,128,43,34.972625,1.070000,42.035000
0,14,1,0,43,10.728250,1.140167,18.225000
0,14,2,2,43,10.718875,1.072084,18.222000
0,14,3,1,43,10.849833,1.138333,18.358000
0,14,4,32,43,15.847334,1.184625,23.209000
0,15,0,0,43,10.751709,1.185292,19.084000
0,15,1,128,43,35.054750,1.113458,42.556000
0,15,2,32,43,15.885583,1.158584,23.536000
0,15,3,1,43,11.137209,0.976292,18.340000
0,15,4,2,43,10.748542,0.993917,17.963000
0,16,0,2,43,10.744375,1.040208,18.410000
0,16,1,0,43,10.733292,1.010542,18.137000
0,16,2,128,43,35.043875,0.989083,42.158000
0,16,3,32,43,15.818958,1.032542,22.780000
0,16,4,1,43,10.854208,1.025042,18.252000
0,17,0,1,43,10.873958,1.061208,18.211000
0,17,1,2,43,10.733542,1.042375,18.326000
0,17,2,0,43,10.725375,1.043333,17.826000
0,17,3,128,43,35.014708,0.995042,41.859000
0,17,4,32,43,15.843667,1.007083,22.640000
0,18,0,32,43,15.839875,1.001167,22.518000
0,18,1,1,43,10.860500,0.999917,17.969000
0,18,2,2,43,10.729583,1.027584,17.980000
0,18,3,0,43,10.725625,1.196833,18.288000
0,18,4,128,43,35.071875,1.389542,43.970000
0,19,0,128,43,35.043417,1.081000,42.322000
0,19,1,32,43,15.852333,1.056375,22.871000
0,19,2,1,43,10.864500,1.032000,18.214000
0,19,3,2,43,10.717500,1.011833,18.090000
0,19,4,0,43,10.721125,0.995667,17.764000
0,20,0,0,43,10.747375,1.051500,18.370000
0,20,1,2,43,10.761958,1.118917,18.200000
0,20,2,1,43,10.863041,1.014333,18.213000
0,20,3,32,43,15.870917,1.024375,22.625000
0,20,4,128,43,35.014708,1.061583,42.123000
0,21,0,2,43,10.735250,1.013833,17.748000
0,21,1,1,43,10.852250,0.990625,18.228000
0,21,2,32,43,15.845500,1.056500,22.893000
0,21,3,128,43,34.987708,1.021417,42.063000
0,21,4,0,43,10.747000,1.124292,18.138000
0,22,0,1,43,10.858000,1.143375,18.176000
0,22,1,32,43,15.852208,1.029333,22.593000
0,22,2,128,43,35.017625,1.411750,43.646000
0,22,3,0,43,10.731291,1.098667,18.014000
0,22,4,2,43,10.731875,1.126458,18.333000
0,23,0,32,43,15.882875,1.154208,23.093000
0,23,1,128,43,35.042584,1.133209,42.685000
0,23,2,0,43,10.732417,1.103667,18.115000
0,23,3,2,43,10.713458,1.107750,18.175000
0,23,4,1,43,10.861375,1.126125,18.148000
0,24,0,128,43,35.005083,1.020125,42.168000
0,24,1,0,43,10.733792,1.114583,18.098000
0,24,2,2,43,10.714958,1.127667,18.307000
0,24,3,1,43,10.887083,1.148917,18.125000
0,24,4,32,43,15.865750,1.107667,23.005000
0,25,0,0,43,10.725291,1.079292,18.166000
0,25,1,128,43,35.008292,1.098167,42.247000
0,25,2,32,43,15.847875,1.126917,22.807000
0,25,3,1,43,10.850167,1.013375,18.155000
0,25,4,2,43,10.723500,1.038792,17.797000
0,26,0,2,43,10.737708,1.139667,18.159000
0,26,1,0,43,11.055375,1.238333,18.736000
0,26,2,128,43,35.078375,1.281250,43.223000
0,26,3,32,43,15.859375,1.131083,23.174000
0,26,4,1,43,10.863125,1.044167,18.291000
0,27,0,1,43,10.865792,1.064792,18.260000
0,27,1,2,43,10.740417,1.096917,18.007000
0,27,2,0,43,10.721625,1.037458,17.771000
0,27,3,128,43,34.997042,1.066542,42.081000
0,27,4,32,43,15.825875,1.090500,22.894000
0,28,0,32,43,15.844750,1.082250,23.044000
0,28,1,1,43,10.884250,1.134667,18.475000
0,28,2,2,43,10.738167,1.130292,18.177000
0,28,3,0,43,10.734041,1.122042,17.954000
0,28,4,128,43,35.019958,1.056375,42.133000
0,29,0,128,43,35.040208,1.038291,42.317000
0,29,1,32,43,15.845167,1.126833,23.289000
0,29,2,1,43,10.865083,1.148750,18.399000
0,29,3,2,43,10.732125,1.080584,17.983000
0,29,4,0,43,10.736583,1.185166,18.492000
1,0,0,0,43,10.747333,1.004500,18.146000
1,0,1,2,43,10.743875,1.082375,17.808000
1,0,2,1,43,10.874958,1.119083,18.282000
1,0,3,32,43,15.839833,1.062833,22.765000
1,0,4,128,43,34.996708,0.976417,42.123000
1,1,0,2,43,10.744625,1.031167,18.176000
1,1,1,1,43,10.851417,1.046792,18.255000
1,1,2,32,43,15.891292,1.141583,22.920000
1,1,3,128,43,35.012000,1.144167,42.220000
1,1,4,0,43,10.726625,1.096208,17.784000
1,2,0,1,43,10.872375,1.071042,18.131000
1,2,1,32,43,15.851208,1.055292,22.696000
1,2,2,128,43,35.010541,1.088833,42.123000
1,2,3,0,43,10.757208,1.218833,18.479000
1,2,4,2,43,10.749333,1.293292,18.842000
1,3,0,32,43,15.850000,1.242958,23.620000
1,3,1,128,43,35.046708,1.113708,42.463000
1,3,2,0,43,10.744125,1.163875,18.266000
1,3,3,2,43,10.762166,1.132125,18.376000
1,3,4,1,43,10.864042,1.135708,18.388000
1,4,0,128,43,35.063167,1.137375,42.137000
1,4,1,0,43,10.736083,1.168917,17.894000
1,4,2,2,43,10.751583,1.160333,18.155000
1,4,3,1,43,10.868250,1.084375,18.417000
1,4,4,32,43,15.893125,1.014000,22.799000
1,5,0,0,43,10.772667,1.082417,18.023000
1,5,1,128,43,35.050417,1.100125,42.299000
1,5,2,32,43,15.863958,1.126833,22.568000
1,5,3,1,43,10.865500,1.099708,18.033000
1,5,4,2,43,10.746958,1.039000,17.917000
1,6,0,2,43,10.753459,1.018083,18.047000
1,6,1,0,43,11.071708,1.134583,18.346000
1,6,2,128,43,35.581625,1.179792,42.720000
1,6,3,32,43,16.286375,1.308083,23.637000
1,6,4,1,43,11.204584,1.137708,18.929000
1,7,0,1,43,11.065875,1.225083,18.389000
1,7,1,2,43,11.087292,1.053833,18.688000
1,7,2,0,43,11.153500,1.099333,18.596000
1,7,3,128,43,35.330667,1.122708,43.195000
1,7,4,32,43,16.028667,1.101333,23.092000
1,8,0,32,43,16.002917,1.081000,23.217000
1,8,1,1,43,10.957292,1.091708,18.481000
1,8,2,2,43,10.759958,1.104625,18.270000
1,8,3,0,43,10.751000,1.113917,18.215000
1,8,4,128,43,35.005750,1.096833,43.846000
1,9,0,128,43,35.037792,1.082625,42.534000
1,9,1,32,43,15.852542,0.961542,22.547000
1,9,2,1,43,10.856083,0.986583,18.154000
1,9,3,2,43,10.764792,1.134958,18.221000
1,9,4,0,43,10.739083,0.963167,17.915000
1,10,0,0,43,10.742458,1.101333,17.899000
1,10,1,2,43,10.735125,1.078250,17.918000
1,10,2,1,43,10.879167,1.115000,18.192000
1,10,3,32,43,15.850458,1.129792,22.994000
1,10,4,128,43,35.105583,1.323833,43.586000
1,11,0,2,43,10.782333,1.078250,18.367000
1,11,1,1,43,10.875333,1.128042,18.113000
1,11,2,32,43,15.877500,1.130542,23.203000
1,11,3,128,43,35.022542,1.031083,42.334000
1,11,4,0,43,10.747542,1.126042,18.359000
1,12,0,1,43,10.880250,1.062000,18.432000
1,12,1,32,43,15.822708,1.090791,22.774000
1,12,2,128,43,35.280583,0.998250,42.406000
1,12,3,0,43,10.755875,0.968750,17.990000
1,12,4,2,43,10.760708,1.089125,18.110000
1,13,0,32,43,15.883459,1.035792,22.671000
1,13,1,128,43,35.023917,1.038292,42.246000
1,13,2,0,43,10.735958,1.089250,17.995000
1,13,3,2,43,10.751042,1.119209,18.008000
1,13,4,1,43,10.867000,1.161417,18.199000
1,14,0,128,43,35.052250,1.030583,42.122000
1,14,1,0,43,10.753208,1.225000,18.249000
1,14,2,2,43,10.804792,1.237167,18.968000
1,14,3,1,43,10.893958,1.214000,18.760000
1,14,4,32,43,15.847459,1.023250,22.672000
1,15,0,0,43,10.747458,1.200042,18.464000
1,15,1,128,43,35.006708,1.147625,42.417000
1,15,2,32,43,15.843959,0.990042,22.573000
1,15,3,1,43,10.964458,1.033458,17.790000
1,15,4,2,43,10.879167,1.121167,18.350000
1,16,0,2,43,10.805791,1.270583,18.294000
1,16,1,0,43,10.822667,0.996833,17.953000
1,16,2,128,43,35.042833,1.167375,42.464000
1,16,3,32,43,15.932542,1.074792,23.308000
1,16,4,1,43,10.870417,1.028750,18.469000
1,17,0,1,43,10.877333,1.052292,18.060000
1,17,1,2,43,10.736333,1.049583,18.139000
1,17,2,0,43,10.754750,1.065959,18.110000
1,17,3,128,43,35.087625,1.039208,42.118000
1,17,4,32,43,15.851083,1.157583,22.676000
1,18,0,32,43,15.885000,1.112667,22.891000
1,18,1,1,43,10.859792,1.232292,18.285000
1,18,2,2,43,10.741208,1.241875,19.101000
1,18,3,0,43,10.755666,1.201041,18.819000
1,18,4,128,43,35.028708,1.114041,42.247000
1,19,0,128,43,35.014708,1.219625,42.755000
1,19,1,32,43,15.825458,1.073708,22.543000
1,19,2,1,43,10.854542,1.105167,18.039000
1,19,3,2,43,10.765667,1.082208,17.911000
1,19,4,0,43,10.758292,1.094250,17.832000
1,20,0,0,43,10.746916,1.129375,18.322000
1,20,1,2,43,10.764084,1.084541,17.842000
1,20,2,1,43,10.858458,1.020375,17.953000
1,20,3,32,43,15.857750,1.072083,22.828000
1,20,4,128,43,35.040458,1.032917,42.049000
1,21,0,2,43,10.751792,0.956000,17.845000
1,21,1,1,43,10.883708,1.055875,18.366000
1,21,2,32,43,15.911750,1.085833,23.044000
1,21,3,128,43,35.037334,1.012792,42.154000
1,21,4,0,43,10.753083,0.978667,18.031000
1,22,0,1,43,10.878083,1.003916,18.074000
1,22,1,32,43,15.845625,1.067250,23.022000
1,22,2,128,43,35.001417,1.153875,43.005000
1,22,3,0,43,10.771667,1.100083,18.165000
1,22,4,2,43,10.751125,1.180375,18.223000
1,23,0,32,43,15.872125,1.120000,23.171000
1,23,1,128,43,35.042292,1.113291,42.334000
1,23,2,0,43,10.767000,1.019416,17.963000
1,23,3,2,43,10.739458,0.977542,18.052000
1,23,4,1,43,10.890750,0.962625,17.887000
1,24,0,128,43,35.059792,1.059792,41.933000
1,24,1,0,43,10.786166,1.095458,18.377000
1,24,2,2,43,10.742625,1.122750,18.352000
1,24,3,1,43,10.914292,1.219542,18.029000
1,24,4,32,43,15.873167,1.154833,23.126000
1,25,0,0,43,10.771500,0.983375,17.763000
1,25,1,128,43,35.019917,1.004792,42.023000
1,25,2,32,43,15.820875,1.004167,22.574000
1,25,3,1,43,10.872541,1.052500,18.491000
1,25,4,2,43,10.767708,1.086208,18.245000
1,26,0,2,43,10.791500,1.110958,18.370000
1,26,1,0,43,10.756167,1.282541,19.159000
1,26,2,128,43,35.025917,1.215458,43.080000
1,26,3,32,43,15.854833,1.187000,23.456000
1,26,4,1,43,10.885750,1.172542,18.346000
1,27,0,1,43,10.888000,1.145000,18.294000
1,27,1,2,43,11.128083,1.079542,18.165000
1,27,2,0,43,11.051666,1.100208,18.326000
1,27,3,128,43,35.017667,0.970458,41.857000
1,27,4,32,43,15.891125,1.047750,22.680000
1,28,0,32,43,15.844500,1.067833,22.840000
1,28,1,1,43,10.850500,1.175500,18.638000
1,28,2,2,43,10.774167,1.189292,18.196000
1,28,3,0,43,10.764333,1.112542,18.108000
1,28,4,128,43,35.034041,1.089208,42.060000
1,29,0,128,43,35.051250,1.086708,42.006000
1,29,1,32,43,15.846042,1.010500,22.813000
1,29,2,1,43,10.951792,1.073750,18.016000
1,29,3,2,43,10.993416,1.063083,18.069000
1,29,4,0,43,10.775583,1.090167,18.458000
