format,m,host_line,accumulator_line,raw_load_line,primary_backedge_line,raw_load_sites,grid_axes,result
f16,2,4023,44798,44947,44999,1,x_only,PASS
f16,3,4305,45235,45383,45429,1,x_only,PASS
f16,4,4587,45681,45829,45875,1,x_only,PASS
f16,5,4869,46127,46275,46321,1,x_only,PASS
f16,6,5151,46573,46721,46767,1,x_only,PASS
f16,7,5433,47019,47167,47213,1,x_only,PASS
f16,8,5715,47465,47613,47659,1,x_only,PASS
q8_0,2,3882,44618,44740,44794,1,x_only,PASS
q8_0,3,4164,45046,45172,45220,1,x_only,PASS
q8_0,4,4446,45492,45618,45666,1,x_only,PASS
q8_0,5,4728,45938,46064,46112,1,x_only,PASS
q8_0,6,5010,46384,46510,46558,1,x_only,PASS
q8_0,7,5292,46830,46956,47004,1,x_only,PASS
q8_0,8,5574,47276,47402,47450,1,x_only,PASS
