layer,site,format,corpus,m,k,n,input_hash_ds4_64,candidate_dispatches,grid_y,bit_diffs,first_index,first_ref_bits,first_got_bits,max_abs,result
0,0,f16,C5,2,16384,24,29f2bd3dc6e6559b,1,1,0,-1,00000000,00000000,0,PASS
0,0,f16,C5,3,16384,24,c2e6d8a86014045b,1,1,0,-1,00000000,00000000,0,PASS
0,0,f16,C5,4,16384,24,4add6ac536275b2b,1,1,0,-1,00000000,00000000,0,PASS
0,1,q8_0,C5,2,4096,1024,4db777d3326bd882,1,1,0,-1,00000000,00000000,0,PASS
0,1,q8_0,C5,3,4096,1024,b7b540979e604f30,1,1,0,-1,00000000,00000000,0,PASS
0,1,q8_0,C5,4,4096,1024,7a348cc1251cc5c5,1,1,0,-1,00000000,00000000,0,PASS
0,2,q8_0,C5,2,4096,512,4db777d3326bd882,1,1,0,-1,00000000,00000000,0,PASS
0,2,q8_0,C5,3,4096,512,b7b540979e604f30,1,1,0,-1,00000000,00000000,0,PASS
0,2,q8_0,C5,4,4096,512,7a348cc1251cc5c5,1,1,0,-1,00000000,00000000,0,PASS
0,3,q8_0,C5,2,1024,32768,474a982e5556e34a,1,1,0,-1,00000000,00000000,0,PASS
0,3,q8_0,C5,3,1024,32768,374407fecae0c2da,1,1,0,-1,00000000,00000000,0,PASS
0,3,q8_0,C5,4,1024,32768,6cb7c32c2d2e6189,1,1,0,-1,00000000,00000000,0,PASS
0,4,q8_0,C5,2,8192,4096,2a6c04a7fa8ce548,1,1,0,-1,00000000,00000000,0,PASS
0,4,q8_0,C5,3,8192,4096,0e17952f80e5c9bd,1,1,0,-1,00000000,00000000,0,PASS
0,4,q8_0,C5,4,8192,4096,14925cf6b4f378f2,1,1,0,-1,00000000,00000000,0,PASS
0,5,f16,C5,2,16384,24,55105fa4d24ef693,1,1,0,-1,00000000,00000000,0,PASS
0,5,f16,C5,3,16384,24,9c43207cd84ae956,1,1,0,-1,00000000,00000000,0,PASS
0,5,f16,C5,4,16384,24,f564c373aad91967,1,1,0,-1,00000000,00000000,0,PASS
0,6,f16,C5,2,4096,256,2ff6ae06a25d6b26,1,1,0,-1,00000000,00000000,0,PASS
0,6,f16,C5,3,4096,256,4c95bc6e9a4ae5df,1,1,0,-1,00000000,00000000,0,PASS
0,6,f16,C5,4,4096,256,a52d7fa931f00092,1,1,0,-1,00000000,00000000,0,PASS
1,0,f16,C5,2,16384,24,c80f7dffd9e98f56,1,1,0,-1,00000000,00000000,0,PASS
1,0,f16,C5,3,16384,24,86176d0664492f2e,1,1,0,-1,00000000,00000000,0,PASS
1,0,f16,C5,4,16384,24,f926975e53be4e08,1,1,0,-1,00000000,00000000,0,PASS
1,1,q8_0,C5,2,4096,1024,b95d300973004b62,1,1,0,-1,00000000,00000000,0,PASS
1,1,q8_0,C5,3,4096,1024,374d0e08af72fb4a,1,1,0,-1,00000000,00000000,0,PASS
1,1,q8_0,C5,4,4096,1024,1fd8a5e1170957ed,1,1,0,-1,00000000,00000000,0,PASS
1,2,q8_0,C5,2,4096,512,b95d300973004b62,1,1,0,-1,00000000,00000000,0,PASS
1,2,q8_0,C5,3,4096,512,374d0e08af72fb4a,1,1,0,-1,00000000,00000000,0,PASS
1,2,q8_0,C5,4,4096,512,1fd8a5e1170957ed,1,1,0,-1,00000000,00000000,0,PASS
1,3,q8_0,C5,2,1024,32768,194a3361376342e9,1,1,0,-1,00000000,00000000,0,PASS
1,3,q8_0,C5,3,1024,32768,b8e61a1d3a8157af,1,1,0,-1,00000000,00000000,0,PASS
1,3,q8_0,C5,4,1024,32768,1066c15439fcce3c,1,1,0,-1,00000000,00000000,0,PASS
1,4,q8_0,C5,2,8192,4096,787dd256e13e7e0c,1,1,0,-1,00000000,00000000,0,PASS
1,4,q8_0,C5,3,8192,4096,7c2e7bb19e49c5ab,1,1,0,-1,00000000,00000000,0,PASS
1,4,q8_0,C5,4,8192,4096,9525c40f1fd6057f,1,1,0,-1,00000000,00000000,0,PASS
1,5,f16,C5,2,16384,24,445c41acc8128e70,1,1,0,-1,00000000,00000000,0,PASS
1,5,f16,C5,3,16384,24,83649a7346fa9384,1,1,0,-1,00000000,00000000,0,PASS
1,5,f16,C5,4,16384,24,a3ebd9d5627a7e4f,1,1,0,-1,00000000,00000000,0,PASS
1,6,f16,C5,2,4096,256,86f7204688c79b9d,1,1,0,-1,00000000,00000000,0,PASS
1,6,f16,C5,3,4096,256,4138fabc04ab75d7,1,1,0,-1,00000000,00000000,0,PASS
1,6,f16,C5,4,4096,256,9d7ec816cf138c28,1,1,0,-1,00000000,00000000,0,PASS
2,0,f16,C5,2,16384,24,daf2683810d2e53a,1,1,0,-1,00000000,00000000,0,PASS
2,0,f16,C5,3,16384,24,83374303308394c5,1,1,0,-1,00000000,00000000,0,PASS
2,0,f16,C5,4,16384,24,d67ee4e752b73ff5,1,1,0,-1,00000000,00000000,0,PASS
2,1,q8_0,C5,2,4096,1024,100d942c3117f4ce,1,1,0,-1,00000000,00000000,0,PASS
2,1,q8_0,C5,3,4096,1024,c7e3b87d9d4c16af,1,1,0,-1,00000000,00000000,0,PASS
2,1,q8_0,C5,4,4096,1024,c45814fbf1432cba,1,1,0,-1,00000000,00000000,0,PASS
2,2,q8_0,C5,2,4096,512,100d942c3117f4ce,1,1,0,-1,00000000,00000000,0,PASS
2,2,q8_0,C5,3,4096,512,c7e3b87d9d4c16af,1,1,0,-1,00000000,00000000,0,PASS
2,2,q8_0,C5,4,4096,512,c45814fbf1432cba,1,1,0,-1,00000000,00000000,0,PASS
2,3,q8_0,C5,2,1024,32768,38f46ef36c0123f5,1,1,0,-1,00000000,00000000,0,PASS
2,3,q8_0,C5,3,1024,32768,dbe4f0b38c6fb8e4,1,1,0,-1,00000000,00000000,0,PASS
2,3,q8_0,C5,4,1024,32768,069468a10281d02f,1,1,0,-1,00000000,00000000,0,PASS
2,4,q8_0,C5,2,8192,4096,eee1effac56051bb,1,1,0,-1,00000000,00000000,0,PASS
2,4,q8_0,C5,3,8192,4096,9b7f3910f6f57358,1,1,0,-1,00000000,00000000,0,PASS
2,4,q8_0,C5,4,8192,4096,d0c992278a1c06cb,1,1,0,-1,00000000,00000000,0,PASS
2,5,f16,C5,2,16384,24,cf5b2a5e20ce5224,1,1,0,-1,00000000,00000000,0,PASS
2,5,f16,C5,3,16384,24,9ba4788048e6d297,1,1,0,-1,00000000,00000000,0,PASS
2,5,f16,C5,4,16384,24,f51fa83344782c0e,1,1,0,-1,00000000,00000000,0,PASS
2,6,f16,C5,2,4096,256,cd6ad45e1b4e77dc,1,1,0,-1,00000000,00000000,0,PASS
2,6,f16,C5,3,4096,256,67703f8d2f21ecec,1,1,0,-1,00000000,00000000,0,PASS
2,6,f16,C5,4,4096,256,1941638a4958f6ff,1,1,0,-1,00000000,00000000,0,PASS
3,0,f16,C5,2,16384,24,cdb1a8a6fac563d7,1,1,0,-1,00000000,00000000,0,PASS
3,0,f16,C5,3,16384,24,816d0862aa85b6e4,1,1,0,-1,00000000,00000000,0,PASS
3,0,f16,C5,4,16384,24,4850f4c30e843d9a,1,1,0,-1,00000000,00000000,0,PASS
3,1,q8_0,C5,2,4096,1024,f265ce8a428c5e8f,1,1,0,-1,00000000,00000000,0,PASS
3,1,q8_0,C5,3,4096,1024,365ab0615f8eb0eb,1,1,0,-1,00000000,00000000,0,PASS
3,1,q8_0,C5,4,4096,1024,83d9c000639286a3,1,1,0,-1,00000000,00000000,0,PASS
3,2,q8_0,C5,2,4096,512,f265ce8a428c5e8f,1,1,0,-1,00000000,00000000,0,PASS
3,2,q8_0,C5,3,4096,512,365ab0615f8eb0eb,1,1,0,-1,00000000,00000000,0,PASS
3,2,q8_0,C5,4,4096,512,83d9c000639286a3,1,1,0,-1,00000000,00000000,0,PASS
3,3,q8_0,C5,2,1024,32768,e1d37a5d5b2e9769,1,1,0,-1,00000000,00000000,0,PASS
3,3,q8_0,C5,3,1024,32768,345cac3eabe17b4e,1,1,0,-1,00000000,00000000,0,PASS
3,3,q8_0,C5,4,1024,32768,1903324d205b0229,1,1,0,-1,00000000,00000000,0,PASS
3,4,q8_0,C5,2,8192,4096,b345b4950eef4abe,1,1,0,-1,00000000,00000000,0,PASS
3,4,q8_0,C5,3,8192,4096,deb14c91f145a1c5,1,1,0,-1,00000000,00000000,0,PASS
3,4,q8_0,C5,4,8192,4096,c93de535ffcb5e98,1,1,0,-1,00000000,00000000,0,PASS
3,5,f16,C5,2,16384,24,8b43a81c4bc82694,1,1,0,-1,00000000,00000000,0,PASS
3,5,f16,C5,3,16384,24,7ce68d034952c4db,1,1,0,-1,00000000,00000000,0,PASS
3,5,f16,C5,4,16384,24,c0bb99b070653e1b,1,1,0,-1,00000000,00000000,0,PASS
3,6,f16,C5,2,4096,256,0e9c86b6f0dcceab,1,1,0,-1,00000000,00000000,0,PASS
3,6,f16,C5,3,4096,256,77335fe4dc3383c1,1,1,0,-1,00000000,00000000,0,PASS
3,6,f16,C5,4,4096,256,b45a09d80ef87750,1,1,0,-1,00000000,00000000,0,PASS
4,0,f16,C5,2,16384,24,13bf78f4284dd8dd,1,1,0,-1,00000000,00000000,0,PASS
4,0,f16,C5,3,16384,24,6888b342b9e13541,1,1,0,-1,00000000,00000000,0,PASS
4,0,f16,C5,4,16384,24,5f54e67783a3327d,1,1,0,-1,00000000,00000000,0,PASS
4,1,q8_0,C5,2,4096,1024,cd11e0d21e11f7f7,1,1,0,-1,00000000,00000000,0,PASS
4,1,q8_0,C5,3,4096,1024,de4e805ac125d372,1,1,0,-1,00000000,00000000,0,PASS
4,1,q8_0,C5,4,4096,1024,7221509f2d399985,1,1,0,-1,00000000,00000000,0,PASS
4,2,q8_0,C5,2,4096,512,cd11e0d21e11f7f7,1,1,0,-1,00000000,00000000,0,PASS
4,2,q8_0,C5,3,4096,512,de4e805ac125d372,1,1,0,-1,00000000,00000000,0,PASS
4,2,q8_0,C5,4,4096,512,7221509f2d399985,1,1,0,-1,00000000,00000000,0,PASS
4,3,q8_0,C5,2,1024,32768,6fdfa552eeb75b77,1,1,0,-1,00000000,00000000,0,PASS
4,3,q8_0,C5,3,1024,32768,0ffcf46aa0adfd53,1,1,0,-1,00000000,00000000,0,PASS
4,3,q8_0,C5,4,1024,32768,2de0c0dd45d1157a,1,1,0,-1,00000000,00000000,0,PASS
4,4,q8_0,C5,2,8192,4096,c5a6f65c284b558e,1,1,0,-1,00000000,00000000,0,PASS
4,4,q8_0,C5,3,8192,4096,ff09cb9fc8a15334,1,1,0,-1,00000000,00000000,0,PASS
4,4,q8_0,C5,4,8192,4096,8d701935c1223ccb,1,1,0,-1,00000000,00000000,0,PASS
4,5,f16,C5,2,16384,24,60fb6fc61c5f27ff,1,1,0,-1,00000000,00000000,0,PASS
4,5,f16,C5,3,16384,24,98a1bfd25ba57fe2,1,1,0,-1,00000000,00000000,0,PASS
4,5,f16,C5,4,16384,24,94b821435942d8de,1,1,0,-1,00000000,00000000,0,PASS
4,6,f16,C5,2,4096,256,727c576b7f6f114f,1,1,0,-1,00000000,00000000,0,PASS
4,6,f16,C5,3,4096,256,8eb531b0b4e801aa,1,1,0,-1,00000000,00000000,0,PASS
4,6,f16,C5,4,4096,256,0b1aaebcad2a28de,1,1,0,-1,00000000,00000000,0,PASS
5,0,f16,C5,2,16384,24,5e1dbbd691d84ac5,1,1,0,-1,00000000,00000000,0,PASS
5,0,f16,C5,3,16384,24,72bbb6cb79756512,1,1,0,-1,00000000,00000000,0,PASS
5,0,f16,C5,4,16384,24,cd250712714327f0,1,1,0,-1,00000000,00000000,0,PASS
5,1,q8_0,C5,2,4096,1024,9704af6f8651ecdd,1,1,0,-1,00000000,00000000,0,PASS
5,1,q8_0,C5,3,4096,1024,2520d5a0ce1b8494,1,1,0,-1,00000000,00000000,0,PASS
5,1,q8_0,C5,4,4096,1024,b68ac64593fdffa9,1,1,0,-1,00000000,00000000,0,PASS
5,2,q8_0,C5,2,4096,512,9704af6f8651ecdd,1,1,0,-1,00000000,00000000,0,PASS
5,2,q8_0,C5,3,4096,512,2520d5a0ce1b8494,1,1,0,-1,00000000,00000000,0,PASS
5,2,q8_0,C5,4,4096,512,b68ac64593fdffa9,1,1,0,-1,00000000,00000000,0,PASS
5,3,q8_0,C5,2,1024,32768,1c654dd61ed20491,1,1,0,-1,00000000,00000000,0,PASS
5,3,q8_0,C5,3,1024,32768,3422eac8098786d1,1,1,0,-1,00000000,00000000,0,PASS
5,3,q8_0,C5,4,1024,32768,89c1807537d38c5a,1,1,0,-1,00000000,00000000,0,PASS
5,4,q8_0,C5,2,8192,4096,2c039a357781bb4e,1,1,0,-1,00000000,00000000,0,PASS
5,4,q8_0,C5,3,8192,4096,2f3b3d0ad6148f83,1,1,0,-1,00000000,00000000,0,PASS
5,4,q8_0,C5,4,8192,4096,73930b162f484677,1,1,0,-1,00000000,00000000,0,PASS
5,5,f16,C5,2,16384,24,4fc246ecc38d183d,1,1,0,-1,00000000,00000000,0,PASS
5,5,f16,C5,3,16384,24,0aec761b72d9728f,1,1,0,-1,00000000,00000000,0,PASS
5,5,f16,C5,4,16384,24,fe6f9ef8af5480dd,1,1,0,-1,00000000,00000000,0,PASS
5,6,f16,C5,2,4096,256,1d577e49fdbb0716,1,1,0,-1,00000000,00000000,0,PASS
5,6,f16,C5,3,4096,256,868235dafd31e862,1,1,0,-1,00000000,00000000,0,PASS
5,6,f16,C5,4,4096,256,349ff6bbb6bf38ae,1,1,0,-1,00000000,00000000,0,PASS
6,0,f16,C5,2,16384,24,416ea2ffabd02517,1,1,0,-1,00000000,00000000,0,PASS
6,0,f16,C5,3,16384,24,9ad98bd31b048ab4,1,1,0,-1,00000000,00000000,0,PASS
6,0,f16,C5,4,16384,24,cac35b3e45b95a4f,1,1,0,-1,00000000,00000000,0,PASS
6,1,q8_0,C5,2,4096,1024,ea02a59e053bd727,1,1,0,-1,00000000,00000000,0,PASS
6,1,q8_0,C5,3,4096,1024,992185ba4babf3e6,1,1,0,-1,00000000,00000000,0,PASS
6,1,q8_0,C5,4,4096,1024,98b2350501bec3c6,1,1,0,-1,00000000,00000000,0,PASS
6,2,q8_0,C5,2,4096,512,ea02a59e053bd727,1,1,0,-1,00000000,00000000,0,PASS
6,2,q8_0,C5,3,4096,512,992185ba4babf3e6,1,1,0,-1,00000000,00000000,0,PASS
6,2,q8_0,C5,4,4096,512,98b2350501bec3c6,1,1,0,-1,00000000,00000000,0,PASS
6,3,q8_0,C5,2,1024,32768,3a81ded0446479be,1,1,0,-1,00000000,00000000,0,PASS
6,3,q8_0,C5,3,1024,32768,968cfb61020a14be,1,1,0,-1,00000000,00000000,0,PASS
6,3,q8_0,C5,4,1024,32768,a6f9c517841dfb2d,1,1,0,-1,00000000,00000000,0,PASS
6,4,q8_0,C5,2,8192,4096,f47532927c7114a3,1,1,0,-1,00000000,00000000,0,PASS
6,4,q8_0,C5,3,8192,4096,067559f27699aa14,1,1,0,-1,00000000,00000000,0,PASS
6,4,q8_0,C5,4,8192,4096,154799b2eef2cd0e,1,1,0,-1,00000000,00000000,0,PASS
6,5,f16,C5,2,16384,24,6715475ca3112e48,1,1,0,-1,00000000,00000000,0,PASS
6,5,f16,C5,3,16384,24,2629907b24fbcfdb,1,1,0,-1,00000000,00000000,0,PASS
6,5,f16,C5,4,16384,24,03ba4f80a3f09db0,1,1,0,-1,00000000,00000000,0,PASS
6,6,f16,C5,2,4096,256,e5b281d1a160e88c,1,1,0,-1,00000000,00000000,0,PASS
6,6,f16,C5,3,4096,256,178a11b098ec612d,1,1,0,-1,00000000,00000000,0,PASS
6,6,f16,C5,4,4096,256,30a172ea6229cbb7,1,1,0,-1,00000000,00000000,0,PASS
7,0,f16,C5,2,16384,24,67d1edb72fd25763,1,1,0,-1,00000000,00000000,0,PASS
7,0,f16,C5,3,16384,24,a0387cab6d6ac2eb,1,1,0,-1,00000000,00000000,0,PASS
7,0,f16,C5,4,16384,24,c2954e63e21b939e,1,1,0,-1,00000000,00000000,0,PASS
7,1,q8_0,C5,2,4096,1024,9325b254eb2a746a,1,1,0,-1,00000000,00000000,0,PASS
7,1,q8_0,C5,3,4096,1024,d04797cedf89cfd7,1,1,0,-1,00000000,00000000,0,PASS
7,1,q8_0,C5,4,4096,1024,9afa48bac2c3c9e9,1,1,0,-1,00000000,00000000,0,PASS
7,2,q8_0,C5,2,4096,512,9325b254eb2a746a,1,1,0,-1,00000000,00000000,0,PASS
7,2,q8_0,C5,3,4096,512,d04797cedf89cfd7,1,1,0,-1,00000000,00000000,0,PASS
7,2,q8_0,C5,4,4096,512,9afa48bac2c3c9e9,1,1,0,-1,00000000,00000000,0,PASS
7,3,q8_0,C5,2,1024,32768,384f6e53ea83770f,1,1,0,-1,00000000,00000000,0,PASS
7,3,q8_0,C5,3,1024,32768,38855bad5f8b2d23,1,1,0,-1,00000000,00000000,0,PASS
7,3,q8_0,C5,4,1024,32768,abf3a893d250a730,1,1,0,-1,00000000,00000000,0,PASS
7,4,q8_0,C5,2,8192,4096,29f9079cdaaa6a6e,1,1,0,-1,00000000,00000000,0,PASS
7,4,q8_0,C5,3,8192,4096,8ba3dbafe54a8cca,1,1,0,-1,00000000,00000000,0,PASS
7,4,q8_0,C5,4,8192,4096,b917f30501bd467c,1,1,0,-1,00000000,00000000,0,PASS
7,5,f16,C5,2,16384,24,0b802b7e5746eea7,1,1,0,-1,00000000,00000000,0,PASS
7,5,f16,C5,3,16384,24,1966be3b756d5c46,1,1,0,-1,00000000,00000000,0,PASS
7,5,f16,C5,4,16384,24,c2b5f256fc26e6e4,1,1,0,-1,00000000,00000000,0,PASS
7,6,f16,C5,2,4096,256,3ed37ad44eca5399,1,1,0,-1,00000000,00000000,0,PASS
7,6,f16,C5,3,4096,256,8fbd038951384e6c,1,1,0,-1,00000000,00000000,0,PASS
7,6,f16,C5,4,4096,256,c813345677fc774b,1,1,0,-1,00000000,00000000,0,PASS
8,0,f16,C5,2,16384,24,b498874c0b15decf,1,1,0,-1,00000000,00000000,0,PASS
8,0,f16,C5,3,16384,24,b30d0635a5b564ed,1,1,0,-1,00000000,00000000,0,PASS
8,0,f16,C5,4,16384,24,ed4fcfe781a59d04,1,1,0,-1,00000000,00000000,0,PASS
8,1,q8_0,C5,2,4096,1024,fecf66105b6fbfb5,1,1,0,-1,00000000,00000000,0,PASS
8,1,q8_0,C5,3,4096,1024,8e6479e750e617d7,1,1,0,-1,00000000,00000000,0,PASS
8,1,q8_0,C5,4,4096,1024,39fe0e7c1f556774,1,1,0,-1,00000000,00000000,0,PASS
8,2,q8_0,C5,2,4096,512,fecf66105b6fbfb5,1,1,0,-1,00000000,00000000,0,PASS
8,2,q8_0,C5,3,4096,512,8e6479e750e617d7,1,1,0,-1,00000000,00000000,0,PASS
8,2,q8_0,C5,4,4096,512,39fe0e7c1f556774,1,1,0,-1,00000000,00000000,0,PASS
8,3,q8_0,C5,2,1024,32768,a53c7eb6a270babe,1,1,0,-1,00000000,00000000,0,PASS
8,3,q8_0,C5,3,1024,32768,43ee391ef1e6742c,1,1,0,-1,00000000,00000000,0,PASS
8,3,q8_0,C5,4,1024,32768,e22b20b2aaf9008d,1,1,0,-1,00000000,00000000,0,PASS
8,4,q8_0,C5,2,8192,4096,e4306ee746318017,1,1,0,-1,00000000,00000000,0,PASS
8,4,q8_0,C5,3,8192,4096,1b0042391d198093,1,1,0,-1,00000000,00000000,0,PASS
8,4,q8_0,C5,4,8192,4096,ff6ff8145351b375,1,1,0,-1,00000000,00000000,0,PASS
8,5,f16,C5,2,16384,24,27aa986aea50d586,1,1,0,-1,00000000,00000000,0,PASS
8,5,f16,C5,3,16384,24,a3d28e4000c4681f,1,1,0,-1,00000000,00000000,0,PASS
8,5,f16,C5,4,16384,24,600cfeccd7dc0f83,1,1,0,-1,00000000,00000000,0,PASS
8,6,f16,C5,2,4096,256,fa1fd674819fd272,1,1,0,-1,00000000,00000000,0,PASS
8,6,f16,C5,3,4096,256,78a2c64bd002add8,1,1,0,-1,00000000,00000000,0,PASS
8,6,f16,C5,4,4096,256,2889ed1a53571d83,1,1,0,-1,00000000,00000000,0,PASS
9,0,f16,C5,2,16384,24,e7d3ccf0a7867736,1,1,0,-1,00000000,00000000,0,PASS
9,0,f16,C5,3,16384,24,0e086b59f605b927,1,1,0,-1,00000000,00000000,0,PASS
9,0,f16,C5,4,16384,24,c558d6b021e90b77,1,1,0,-1,00000000,00000000,0,PASS
9,1,q8_0,C5,2,4096,1024,ed98ab271ead1c01,1,1,0,-1,00000000,00000000,0,PASS
9,1,q8_0,C5,3,4096,1024,acb6a9cb89a33324,1,1,0,-1,00000000,00000000,0,PASS
9,1,q8_0,C5,4,4096,1024,1b9745ad8d0f5de4,1,1,0,-1,00000000,00000000,0,PASS
9,2,q8_0,C5,2,4096,512,ed98ab271ead1c01,1,1,0,-1,00000000,00000000,0,PASS
9,2,q8_0,C5,3,4096,512,acb6a9cb89a33324,1,1,0,-1,00000000,00000000,0,PASS
9,2,q8_0,C5,4,4096,512,1b9745ad8d0f5de4,1,1,0,-1,00000000,00000000,0,PASS
9,3,q8_0,C5,2,1024,32768,b2082897e2539826,1,1,0,-1,00000000,00000000,0,PASS
9,3,q8_0,C5,3,1024,32768,60a3c00a07534cff,1,1,0,-1,00000000,00000000,0,PASS
9,3,q8_0,C5,4,1024,32768,dff06ccdae0a3f5f,1,1,0,-1,00000000,00000000,0,PASS
9,4,q8_0,C5,2,8192,4096,15413dc359c0f246,1,1,0,-1,00000000,00000000,0,PASS
9,4,q8_0,C5,3,8192,4096,a425d01da2b73e7b,1,1,0,-1,00000000,00000000,0,PASS
9,4,q8_0,C5,4,8192,4096,5b020f024197787c,1,1,0,-1,00000000,00000000,0,PASS
9,5,f16,C5,2,16384,24,072e0a0bddd87675,1,1,0,-1,00000000,00000000,0,PASS
9,5,f16,C5,3,16384,24,3ac11d631f9f53d9,1,1,0,-1,00000000,00000000,0,PASS
9,5,f16,C5,4,16384,24,01dc188db587a24d,1,1,0,-1,00000000,00000000,0,PASS
9,6,f16,C5,2,4096,256,03fc98d283db6d4c,1,1,0,-1,00000000,00000000,0,PASS
9,6,f16,C5,3,4096,256,8e8569520d05f4a9,1,1,0,-1,00000000,00000000,0,PASS
9,6,f16,C5,4,4096,256,eeb0f852525038e3,1,1,0,-1,00000000,00000000,0,PASS
10,0,f16,C5,2,16384,24,59a51a1758bc849e,1,1,0,-1,00000000,00000000,0,PASS
10,0,f16,C5,3,16384,24,ac1e8cbf0ad3dd40,1,1,0,-1,00000000,00000000,0,PASS
10,0,f16,C5,4,16384,24,b7106ff782f9a766,1,1,0,-1,00000000,00000000,0,PASS
10,1,q8_0,C5,2,4096,1024,4fce818bebfaa343,1,1,0,-1,00000000,00000000,0,PASS
10,1,q8_0,C5,3,4096,1024,faee0f80bd0362a7,1,1,0,-1,00000000,00000000,0,PASS
10,1,q8_0,C5,4,4096,1024,aa0e29cddbd79d54,1,1,0,-1,00000000,00000000,0,PASS
10,2,q8_0,C5,2,4096,512,4fce818bebfaa343,1,1,0,-1,00000000,00000000,0,PASS
10,2,q8_0,C5,3,4096,512,faee0f80bd0362a7,1,1,0,-1,00000000,00000000,0,PASS
10,2,q8_0,C5,4,4096,512,aa0e29cddbd79d54,1,1,0,-1,00000000,00000000,0,PASS
10,3,q8_0,C5,2,1024,32768,064ede1c23a13d45,1,1,0,-1,00000000,00000000,0,PASS
10,3,q8_0,C5,3,1024,32768,824fcab451485b5b,1,1,0,-1,00000000,00000000,0,PASS
10,3,q8_0,C5,4,1024,32768,0708d29ffac3d899,1,1,0,-1,00000000,00000000,0,PASS
10,4,q8_0,C5,2,8192,4096,91b22cd83f70c8a4,1,1,0,-1,00000000,00000000,0,PASS
10,4,q8_0,C5,3,8192,4096,ba97c1686f1a6ecc,1,1,0,-1,00000000,00000000,0,PASS
10,4,q8_0,C5,4,8192,4096,22245b6afee42c87,1,1,0,-1,00000000,00000000,0,PASS
10,5,f16,C5,2,16384,24,2ee962b94d59c16f,1,1,0,-1,00000000,00000000,0,PASS
10,5,f16,C5,3,16384,24,70f63c874902f2f5,1,1,0,-1,00000000,00000000,0,PASS
10,5,f16,C5,4,16384,24,9fd90a4eab492aeb,1,1,0,-1,00000000,00000000,0,PASS
10,6,f16,C5,2,4096,256,e82c88f01cf0bd61,1,1,0,-1,00000000,00000000,0,PASS
10,6,f16,C5,3,4096,256,d4c96746060bde94,1,1,0,-1,00000000,00000000,0,PASS
10,6,f16,C5,4,4096,256,348ebd94f2d50605,1,1,0,-1,00000000,00000000,0,PASS
11,0,f16,C5,2,16384,24,40c03be5ee5a4db1,1,1,0,-1,00000000,00000000,0,PASS
11,0,f16,C5,3,16384,24,66aeba8bd28fb704,1,1,0,-1,00000000,00000000,0,PASS
11,0,f16,C5,4,16384,24,0b7f3d10d84ef312,1,1,0,-1,00000000,00000000,0,PASS
11,1,q8_0,C5,2,4096,1024,979e74bd5661595e,1,1,0,-1,00000000,00000000,0,PASS
11,1,q8_0,C5,3,4096,1024,4501d09a5e12b17b,1,1,0,-1,00000000,00000000,0,PASS
11,1,q8_0,C5,4,4096,1024,8a9adbeeb7821375,1,1,0,-1,00000000,00000000,0,PASS
11,2,q8_0,C5,2,4096,512,979e74bd5661595e,1,1,0,-1,00000000,00000000,0,PASS
11,2,q8_0,C5,3,4096,512,4501d09a5e12b17b,1,1,0,-1,00000000,00000000,0,PASS
11,2,q8_0,C5,4,4096,512,8a9adbeeb7821375,1,1,0,-1,00000000,00000000,0,PASS
11,3,q8_0,C5,2,1024,32768,e83498d1ab90a1b4,1,1,0,-1,00000000,00000000,0,PASS
11,3,q8_0,C5,3,1024,32768,e5288625f5aa9269,1,1,0,-1,00000000,00000000,0,PASS
11,3,q8_0,C5,4,1024,32768,df70c57b1ec391bb,1,1,0,-1,00000000,00000000,0,PASS
11,4,q8_0,C5,2,8192,4096,a736028c6ed0f2b7,1,1,0,-1,00000000,00000000,0,PASS
11,4,q8_0,C5,3,8192,4096,0ae81bbcbb0bd254,1,1,0,-1,00000000,00000000,0,PASS
11,4,q8_0,C5,4,8192,4096,29625cb8cee54fd2,1,1,0,-1,00000000,00000000,0,PASS
11,5,f16,C5,2,16384,24,2a31c2c62427c539,1,1,0,-1,00000000,00000000,0,PASS
11,5,f16,C5,3,16384,24,9ca5e1b5a0fc7e1a,1,1,0,-1,00000000,00000000,0,PASS
11,5,f16,C5,4,16384,24,5829b2d83a9cfa6f,1,1,0,-1,00000000,00000000,0,PASS
11,6,f16,C5,2,4096,256,a4ea32ef38b57239,1,1,0,-1,00000000,00000000,0,PASS
11,6,f16,C5,3,4096,256,79be748d6cda8aa7,1,1,0,-1,00000000,00000000,0,PASS
11,6,f16,C5,4,4096,256,9247fa451796d5d7,1,1,0,-1,00000000,00000000,0,PASS
12,0,f16,C5,2,16384,24,f802e5ec8fc22817,1,1,0,-1,00000000,00000000,0,PASS
12,0,f16,C5,3,16384,24,fd1d8df41efb979d,1,1,0,-1,00000000,00000000,0,PASS
12,0,f16,C5,4,16384,24,aded9f22f517c091,1,1,0,-1,00000000,00000000,0,PASS
12,1,q8_0,C5,2,4096,1024,b9ce528661f74391,1,1,0,-1,00000000,00000000,0,PASS
12,1,q8_0,C5,3,4096,1024,95559d499594c60b,1,1,0,-1,00000000,00000000,0,PASS
12,1,q8_0,C5,4,4096,1024,01fe8d76e5188faa,1,1,0,-1,00000000,00000000,0,PASS
12,2,q8_0,C5,2,4096,512,b9ce528661f74391,1,1,0,-1,00000000,00000000,0,PASS
12,2,q8_0,C5,3,4096,512,95559d499594c60b,1,1,0,-1,00000000,00000000,0,PASS
12,2,q8_0,C5,4,4096,512,01fe8d76e5188faa,1,1,0,-1,00000000,00000000,0,PASS
12,3,q8_0,C5,2,1024,32768,d2f1ae192a6ba686,1,1,0,-1,00000000,00000000,0,PASS
12,3,q8_0,C5,3,1024,32768,41b1f6abc169cb63,1,1,0,-1,00000000,00000000,0,PASS
12,3,q8_0,C5,4,1024,32768,b0898d3886433dad,1,1,0,-1,00000000,00000000,0,PASS
12,4,q8_0,C5,2,8192,4096,9b95238113f473db,1,1,0,-1,00000000,00000000,0,PASS
12,4,q8_0,C5,3,8192,4096,ec5870167bad3f50,1,1,0,-1,00000000,00000000,0,PASS
12,4,q8_0,C5,4,8192,4096,896cd9a000abf0c9,1,1,0,-1,00000000,00000000,0,PASS
12,5,f16,C5,2,16384,24,07a9d70717050762,1,1,0,-1,00000000,00000000,0,PASS
12,5,f16,C5,3,16384,24,0501c43332cd7bbe,1,1,0,-1,00000000,00000000,0,PASS
12,5,f16,C5,4,16384,24,78372f1ab39c44a1,1,1,0,-1,00000000,00000000,0,PASS
12,6,f16,C5,2,4096,256,4a562fc246c20b8b,1,1,0,-1,00000000,00000000,0,PASS
12,6,f16,C5,3,4096,256,6d0fa48b1b13ac84,1,1,0,-1,00000000,00000000,0,PASS
12,6,f16,C5,4,4096,256,113344a676bea9bc,1,1,0,-1,00000000,00000000,0,PASS
13,0,f16,C5,2,16384,24,75e2c048dd7f4e10,1,1,0,-1,00000000,00000000,0,PASS
13,0,f16,C5,3,16384,24,bd5989b1cbdc80b4,1,1,0,-1,00000000,00000000,0,PASS
13,0,f16,C5,4,16384,24,9d60a93221865379,1,1,0,-1,00000000,00000000,0,PASS
13,1,q8_0,C5,2,4096,1024,937240899f97c32b,1,1,0,-1,00000000,00000000,0,PASS
13,1,q8_0,C5,3,4096,1024,df05043ae408dd80,1,1,0,-1,00000000,00000000,0,PASS
13,1,q8_0,C5,4,4096,1024,9c77d46ed5830d9b,1,1,0,-1,00000000,00000000,0,PASS
13,2,q8_0,C5,2,4096,512,937240899f97c32b,1,1,0,-1,00000000,00000000,0,PASS
13,2,q8_0,C5,3,4096,512,df05043ae408dd80,1,1,0,-1,00000000,00000000,0,PASS
13,2,q8_0,C5,4,4096,512,9c77d46ed5830d9b,1,1,0,-1,00000000,00000000,0,PASS
13,3,q8_0,C5,2,1024,32768,48b9e79bbc74aa16,1,1,0,-1,00000000,00000000,0,PASS
13,3,q8_0,C5,3,1024,32768,d04cd55c3ed8f874,1,1,0,-1,00000000,00000000,0,PASS
13,3,q8_0,C5,4,1024,32768,4f0abd20332f1206,1,1,0,-1,00000000,00000000,0,PASS
13,4,q8_0,C5,2,8192,4096,a27a427db465a3f7,1,1,0,-1,00000000,00000000,0,PASS
13,4,q8_0,C5,3,8192,4096,63b7ef944e0cead7,1,1,0,-1,00000000,00000000,0,PASS
13,4,q8_0,C5,4,8192,4096,bee91df87468968b,1,1,0,-1,00000000,00000000,0,PASS
13,5,f16,C5,2,16384,24,70f3bd1c42ab8534,1,1,0,-1,00000000,00000000,0,PASS
13,5,f16,C5,3,16384,24,98d86a0f673aeb3f,1,1,0,-1,00000000,00000000,0,PASS
13,5,f16,C5,4,16384,24,d6a903b7bdd8d188,1,1,0,-1,00000000,00000000,0,PASS
13,6,f16,C5,2,4096,256,859c9a5da52461e9,1,1,0,-1,00000000,00000000,0,PASS
13,6,f16,C5,3,4096,256,cd2d186225df5e20,1,1,0,-1,00000000,00000000,0,PASS
13,6,f16,C5,4,4096,256,64af8b68ab18d184,1,1,0,-1,00000000,00000000,0,PASS
14,0,f16,C5,2,16384,24,d625083068ee30bf,1,1,0,-1,00000000,00000000,0,PASS
14,0,f16,C5,3,16384,24,d5e6edbe836b42e5,1,1,0,-1,00000000,00000000,0,PASS
14,0,f16,C5,4,16384,24,e457ea7c721c477a,1,1,0,-1,00000000,00000000,0,PASS
14,1,q8_0,C5,2,4096,1024,02db3c5c3bf6ffb0,1,1,0,-1,00000000,00000000,0,PASS
14,1,q8_0,C5,3,4096,1024,20654830ccdeb92c,1,1,0,-1,00000000,00000000,0,PASS
14,1,q8_0,C5,4,4096,1024,7de1165369549599,1,1,0,-1,00000000,00000000,0,PASS
14,2,q8_0,C5,2,4096,512,02db3c5c3bf6ffb0,1,1,0,-1,00000000,00000000,0,PASS
14,2,q8_0,C5,3,4096,512,20654830ccdeb92c,1,1,0,-1,00000000,00000000,0,PASS
14,2,q8_0,C5,4,4096,512,7de1165369549599,1,1,0,-1,00000000,00000000,0,PASS
14,3,q8_0,C5,2,1024,32768,bdf5563469552408,1,1,0,-1,00000000,00000000,0,PASS
14,3,q8_0,C5,3,1024,32768,5dca84d9168cd164,1,1,0,-1,00000000,00000000,0,PASS
14,3,q8_0,C5,4,1024,32768,a5490402cb456f38,1,1,0,-1,00000000,00000000,0,PASS
14,4,q8_0,C5,2,8192,4096,b74fa74ced5ca14d,1,1,0,-1,00000000,00000000,0,PASS
14,4,q8_0,C5,3,8192,4096,c4b14922836d98b8,1,1,0,-1,00000000,00000000,0,PASS
14,4,q8_0,C5,4,8192,4096,bed0c15c3ac0c633,1,1,0,-1,00000000,00000000,0,PASS
14,5,f16,C5,2,16384,24,7d06f69bd2c8c250,1,1,0,-1,00000000,00000000,0,PASS
14,5,f16,C5,3,16384,24,78cbf39ee8bf37c9,1,1,0,-1,00000000,00000000,0,PASS
14,5,f16,C5,4,16384,24,bfdc9b803c22e842,1,1,0,-1,00000000,00000000,0,PASS
14,6,f16,C5,2,4096,256,48a1327c5d8bee50,1,1,0,-1,00000000,00000000,0,PASS
14,6,f16,C5,3,4096,256,03c1df7cd5cd200b,1,1,0,-1,00000000,00000000,0,PASS
14,6,f16,C5,4,4096,256,a6402c8dc0b0dc8f,1,1,0,-1,00000000,00000000,0,PASS
15,0,f16,C5,2,16384,24,68baa54a10810655,1,1,0,-1,00000000,00000000,0,PASS
15,0,f16,C5,3,16384,24,8e54c4e5b5e744d2,1,1,0,-1,00000000,00000000,0,PASS
15,0,f16,C5,4,16384,24,7b2dd592d30b2cff,1,1,0,-1,00000000,00000000,0,PASS
15,1,q8_0,C5,2,4096,1024,99abd42bbf3d3bf2,1,1,0,-1,00000000,00000000,0,PASS
15,1,q8_0,C5,3,4096,1024,69e3526d7148678c,1,1,0,-1,00000000,00000000,0,PASS
15,1,q8_0,C5,4,4096,1024,64f4f121d2b7ae75,1,1,0,-1,00000000,00000000,0,PASS
15,2,q8_0,C5,2,4096,512,99abd42bbf3d3bf2,1,1,0,-1,00000000,00000000,0,PASS
15,2,q8_0,C5,3,4096,512,69e3526d7148678c,1,1,0,-1,00000000,00000000,0,PASS
15,2,q8_0,C5,4,4096,512,64f4f121d2b7ae75,1,1,0,-1,00000000,00000000,0,PASS
15,3,q8_0,C5,2,1024,32768,aa73fc8d9135e32e,1,1,0,-1,00000000,00000000,0,PASS
15,3,q8_0,C5,3,1024,32768,65d698925230df04,1,1,0,-1,00000000,00000000,0,PASS
15,3,q8_0,C5,4,1024,32768,f83a2e3fa23df0ab,1,1,0,-1,00000000,00000000,0,PASS
15,4,q8_0,C5,2,8192,4096,b11d78004367e5c7,1,1,0,-1,00000000,00000000,0,PASS
15,4,q8_0,C5,3,8192,4096,16219523e526afdc,1,1,0,-1,00000000,00000000,0,PASS
15,4,q8_0,C5,4,8192,4096,a541600cfa1954ed,1,1,0,-1,00000000,00000000,0,PASS
15,5,f16,C5,2,16384,24,f41f4e8e4b309c03,1,1,0,-1,00000000,00000000,0,PASS
15,5,f16,C5,3,16384,24,e954162b831e2f39,1,1,0,-1,00000000,00000000,0,PASS
15,5,f16,C5,4,16384,24,633141533cf7d30c,1,1,0,-1,00000000,00000000,0,PASS
15,6,f16,C5,2,4096,256,fb523440deabfaeb,1,1,0,-1,00000000,00000000,0,PASS
15,6,f16,C5,3,4096,256,4c9eebabf81b74c1,1,1,0,-1,00000000,00000000,0,PASS
15,6,f16,C5,4,4096,256,36a5a0d8b67514fd,1,1,0,-1,00000000,00000000,0,PASS
16,0,f16,C5,2,16384,24,de445460c71c9d12,1,1,0,-1,00000000,00000000,0,PASS
16,0,f16,C5,3,16384,24,86b1004c98105514,1,1,0,-1,00000000,00000000,0,PASS
16,0,f16,C5,4,16384,24,c295b8c91d0b3d9e,1,1,0,-1,00000000,00000000,0,PASS
16,1,q8_0,C5,2,4096,1024,cf2300764a572a62,1,1,0,-1,00000000,00000000,0,PASS
16,1,q8_0,C5,3,4096,1024,e9af22affc9bf961,1,1,0,-1,00000000,00000000,0,PASS
16,1,q8_0,C5,4,4096,1024,207ee3e175f8046c,1,1,0,-1,00000000,00000000,0,PASS
16,2,q8_0,C5,2,4096,512,cf2300764a572a62,1,1,0,-1,00000000,00000000,0,PASS
16,2,q8_0,C5,3,4096,512,e9af22affc9bf961,1,1,0,-1,00000000,00000000,0,PASS
16,2,q8_0,C5,4,4096,512,207ee3e175f8046c,1,1,0,-1,00000000,00000000,0,PASS
16,3,q8_0,C5,2,1024,32768,60139913ce6e1c11,1,1,0,-1,00000000,00000000,0,PASS
16,3,q8_0,C5,3,1024,32768,e9da87bc5c96187d,1,1,0,-1,00000000,00000000,0,PASS
16,3,q8_0,C5,4,1024,32768,8b64a5e2834cb862,1,1,0,-1,00000000,00000000,0,PASS
16,4,q8_0,C5,2,8192,4096,e52c1a9185374b10,1,1,0,-1,00000000,00000000,0,PASS
16,4,q8_0,C5,3,8192,4096,13225bb839bda9e8,1,1,0,-1,00000000,00000000,0,PASS
16,4,q8_0,C5,4,8192,4096,f68d4d9c1674f793,1,1,0,-1,00000000,00000000,0,PASS
16,5,f16,C5,2,16384,24,a792227a02eb9bfc,1,1,0,-1,00000000,00000000,0,PASS
16,5,f16,C5,3,16384,24,82b73e48d935b6c9,1,1,0,-1,00000000,00000000,0,PASS
16,5,f16,C5,4,16384,24,5c0f4a95d1b5fc41,1,1,0,-1,00000000,00000000,0,PASS
16,6,f16,C5,2,4096,256,e1ee291360b80c95,1,1,0,-1,00000000,00000000,0,PASS
16,6,f16,C5,3,4096,256,cc6ef62acf1a9d4d,1,1,0,-1,00000000,00000000,0,PASS
16,6,f16,C5,4,4096,256,d3331acc7e1abcce,1,1,0,-1,00000000,00000000,0,PASS
17,0,f16,C5,2,16384,24,9ff873bc7e0e3893,1,1,0,-1,00000000,00000000,0,PASS
17,0,f16,C5,3,16384,24,b01feaeb30766011,1,1,0,-1,00000000,00000000,0,PASS
17,0,f16,C5,4,16384,24,3073cf6c4cd92d4f,1,1,0,-1,00000000,00000000,0,PASS
17,1,q8_0,C5,2,4096,1024,dabb2dd0a97f3c08,1,1,0,-1,00000000,00000000,0,PASS
17,1,q8_0,C5,3,4096,1024,db2a40b0cb77d037,1,1,0,-1,00000000,00000000,0,PASS
17,1,q8_0,C5,4,4096,1024,710e13511f41bead,1,1,0,-1,00000000,00000000,0,PASS
17,2,q8_0,C5,2,4096,512,dabb2dd0a97f3c08,1,1,0,-1,00000000,00000000,0,PASS
17,2,q8_0,C5,3,4096,512,db2a40b0cb77d037,1,1,0,-1,00000000,00000000,0,PASS
17,2,q8_0,C5,4,4096,512,710e13511f41bead,1,1,0,-1,00000000,00000000,0,PASS
17,3,q8_0,C5,2,1024,32768,474cb0978ef53e45,1,1,0,-1,00000000,00000000,0,PASS
17,3,q8_0,C5,3,1024,32768,b5e2a14c0794918a,1,1,0,-1,00000000,00000000,0,PASS
17,3,q8_0,C5,4,1024,32768,79f1772c6575c7d2,1,1,0,-1,00000000,00000000,0,PASS
17,4,q8_0,C5,2,8192,4096,181d45689dcfc787,1,1,0,-1,00000000,00000000,0,PASS
17,4,q8_0,C5,3,8192,4096,db395b825ae1f1ed,1,1,0,-1,00000000,00000000,0,PASS
17,4,q8_0,C5,4,8192,4096,48c1d38912323410,1,1,0,-1,00000000,00000000,0,PASS
17,5,f16,C5,2,16384,24,2ad7ef3b126eb313,1,1,0,-1,00000000,00000000,0,PASS
17,5,f16,C5,3,16384,24,ea784ba08b9cddc6,1,1,0,-1,00000000,00000000,0,PASS
17,5,f16,C5,4,16384,24,9ee4f2124090bfd6,1,1,0,-1,00000000,00000000,0,PASS
17,6,f16,C5,2,4096,256,17709e6b968523e1,1,1,0,-1,00000000,00000000,0,PASS
17,6,f16,C5,3,4096,256,d48a423345c7a24f,1,1,0,-1,00000000,00000000,0,PASS
17,6,f16,C5,4,4096,256,72c02d39cc1e5f1f,1,1,0,-1,00000000,00000000,0,PASS
18,0,f16,C5,2,16384,24,307978a1fbca13ef,1,1,0,-1,00000000,00000000,0,PASS
18,0,f16,C5,3,16384,24,b0c7e3cef656d22d,1,1,0,-1,00000000,00000000,0,PASS
18,0,f16,C5,4,16384,24,6596afc2e865cf2c,1,1,0,-1,00000000,00000000,0,PASS
18,1,q8_0,C5,2,4096,1024,43cd05d18952ae0b,1,1,0,-1,00000000,00000000,0,PASS
18,1,q8_0,C5,3,4096,1024,222e344384f7a445,1,1,0,-1,00000000,00000000,0,PASS
18,1,q8_0,C5,4,4096,1024,7cccc9e95f2bb79b,1,1,0,-1,00000000,00000000,0,PASS
18,2,q8_0,C5,2,4096,512,43cd05d18952ae0b,1,1,0,-1,00000000,00000000,0,PASS
18,2,q8_0,C5,3,4096,512,222e344384f7a445,1,1,0,-1,00000000,00000000,0,PASS
18,2,q8_0,C5,4,4096,512,7cccc9e95f2bb79b,1,1,0,-1,00000000,00000000,0,PASS
18,3,q8_0,C5,2,1024,32768,e0c3d40247ca7bd0,1,1,0,-1,00000000,00000000,0,PASS
18,3,q8_0,C5,3,1024,32768,0fe1246ec808396e,1,1,0,-1,00000000,00000000,0,PASS
18,3,q8_0,C5,4,1024,32768,4eae020a718634d5,1,1,0,-1,00000000,00000000,0,PASS
18,4,q8_0,C5,2,8192,4096,99ecf7632646fc5a,1,1,0,-1,00000000,00000000,0,PASS
18,4,q8_0,C5,3,8192,4096,1cc6a77f0d51cb12,1,1,0,-1,00000000,00000000,0,PASS
18,4,q8_0,C5,4,8192,4096,55e83e94844795ce,1,1,0,-1,00000000,00000000,0,PASS
18,5,f16,C5,2,16384,24,a94434c07cb32075,1,1,0,-1,00000000,00000000,0,PASS
18,5,f16,C5,3,16384,24,ee30b66a47a5d7de,1,1,0,-1,00000000,00000000,0,PASS
18,5,f16,C5,4,16384,24,7524719630cfa862,1,1,0,-1,00000000,00000000,0,PASS
18,6,f16,C5,2,4096,256,fa8afa2d79ef9262,1,1,0,-1,00000000,00000000,0,PASS
18,6,f16,C5,3,4096,256,eae0b40b072baf97,1,1,0,-1,00000000,00000000,0,PASS
18,6,f16,C5,4,4096,256,1bee85a1e55b52a2,1,1,0,-1,00000000,00000000,0,PASS
19,0,f16,C5,2,16384,24,b6b560587f020d5c,1,1,0,-1,00000000,00000000,0,PASS
19,0,f16,C5,3,16384,24,fb065d6925f91070,1,1,0,-1,00000000,00000000,0,PASS
19,0,f16,C5,4,16384,24,b206e1ae727772a2,1,1,0,-1,00000000,00000000,0,PASS
19,1,q8_0,C5,2,4096,1024,a8aeb3b468caa89c,1,1,0,-1,00000000,00000000,0,PASS
19,1,q8_0,C5,3,4096,1024,e1f05b10ace286ae,1,1,0,-1,00000000,00000000,0,PASS
19,1,q8_0,C5,4,4096,1024,fd67a0065b530ac5,1,1,0,-1,00000000,00000000,0,PASS
19,2,q8_0,C5,2,4096,512,a8aeb3b468caa89c,1,1,0,-1,00000000,00000000,0,PASS
19,2,q8_0,C5,3,4096,512,e1f05b10ace286ae,1,1,0,-1,00000000,00000000,0,PASS
19,2,q8_0,C5,4,4096,512,fd67a0065b530ac5,1,1,0,-1,00000000,00000000,0,PASS
19,3,q8_0,C5,2,1024,32768,9036f44c56db3363,1,1,0,-1,00000000,00000000,0,PASS
19,3,q8_0,C5,3,1024,32768,d3221c216bfdfbd1,1,1,0,-1,00000000,00000000,0,PASS
19,3,q8_0,C5,4,1024,32768,97f14214c7b66566,1,1,0,-1,00000000,00000000,0,PASS
19,4,q8_0,C5,2,8192,4096,058902783b0d9a6f,1,1,0,-1,00000000,00000000,0,PASS
19,4,q8_0,C5,3,8192,4096,175824ba60f4ed02,1,1,0,-1,00000000,00000000,0,PASS
19,4,q8_0,C5,4,8192,4096,661df384f86f4e7e,1,1,0,-1,00000000,00000000,0,PASS
19,5,f16,C5,2,16384,24,bf3f631cfbc9f032,1,1,0,-1,00000000,00000000,0,PASS
19,5,f16,C5,3,16384,24,b1fec02e42173712,1,1,0,-1,00000000,00000000,0,PASS
19,5,f16,C5,4,16384,24,897660a013de5e4b,1,1,0,-1,00000000,00000000,0,PASS
19,6,f16,C5,2,4096,256,2d59898522f3bfc2,1,1,0,-1,00000000,00000000,0,PASS
19,6,f16,C5,3,4096,256,e527c40a64665066,1,1,0,-1,00000000,00000000,0,PASS
19,6,f16,C5,4,4096,256,6670491b996595b3,1,1,0,-1,00000000,00000000,0,PASS
20,0,f16,C5,2,16384,24,40b22c707a9cd5df,1,1,0,-1,00000000,00000000,0,PASS
20,0,f16,C5,3,16384,24,fad29b9d62359a0e,1,1,0,-1,00000000,00000000,0,PASS
20,0,f16,C5,4,16384,24,bf47dd04d2e4a82d,1,1,0,-1,00000000,00000000,0,PASS
20,1,q8_0,C5,2,4096,1024,22e02d1eb40b0476,1,1,0,-1,00000000,00000000,0,PASS
20,1,q8_0,C5,3,4096,1024,7293acb7e7aa3e21,1,1,0,-1,00000000,00000000,0,PASS
20,1,q8_0,C5,4,4096,1024,2a09f7f0d0a987c2,1,1,0,-1,00000000,00000000,0,PASS
20,2,q8_0,C5,2,4096,512,22e02d1eb40b0476,1,1,0,-1,00000000,00000000,0,PASS
20,2,q8_0,C5,3,4096,512,7293acb7e7aa3e21,1,1,0,-1,00000000,00000000,0,PASS
20,2,q8_0,C5,4,4096,512,2a09f7f0d0a987c2,1,1,0,-1,00000000,00000000,0,PASS
20,3,q8_0,C5,2,1024,32768,437b6496c93bfa60,1,1,0,-1,00000000,00000000,0,PASS
20,3,q8_0,C5,3,1024,32768,a25067d3eae579bb,1,1,0,-1,00000000,00000000,0,PASS
20,3,q8_0,C5,4,1024,32768,037c1e9a38870751,1,1,0,-1,00000000,00000000,0,PASS
20,4,q8_0,C5,2,8192,4096,4926e20d2651b3a5,1,1,0,-1,00000000,00000000,0,PASS
20,4,q8_0,C5,3,8192,4096,9de86cacff1701a5,1,1,0,-1,00000000,00000000,0,PASS
20,4,q8_0,C5,4,8192,4096,9d74fac27f423775,1,1,0,-1,00000000,00000000,0,PASS
20,5,f16,C5,2,16384,24,c8dc9e47e069f489,1,1,0,-1,00000000,00000000,0,PASS
20,5,f16,C5,3,16384,24,9ef6035df6ce76a2,1,1,0,-1,00000000,00000000,0,PASS
20,5,f16,C5,4,16384,24,a02315d1767a63e6,1,1,0,-1,00000000,00000000,0,PASS
20,6,f16,C5,2,4096,256,0bc1889fa9875166,1,1,0,-1,00000000,00000000,0,PASS
20,6,f16,C5,3,4096,256,7bd201ed2529f8e1,1,1,0,-1,00000000,00000000,0,PASS
20,6,f16,C5,4,4096,256,84e4d22740b01269,1,1,0,-1,00000000,00000000,0,PASS
21,0,f16,C5,2,16384,24,6f3f5e8c743696a3,1,1,0,-1,00000000,00000000,0,PASS
21,0,f16,C5,3,16384,24,1de871bb0771c835,1,1,0,-1,00000000,00000000,0,PASS
21,0,f16,C5,4,16384,24,5d85592020b9cc1b,1,1,0,-1,00000000,00000000,0,PASS
21,1,q8_0,C5,2,4096,1024,63e02be1a98dfbb2,1,1,0,-1,00000000,00000000,0,PASS
21,1,q8_0,C5,3,4096,1024,30c3737a61249ba1,1,1,0,-1,00000000,00000000,0,PASS
21,1,q8_0,C5,4,4096,1024,b5355cdda2df8a82,1,1,0,-1,00000000,00000000,0,PASS
21,2,q8_0,C5,2,4096,512,63e02be1a98dfbb2,1,1,0,-1,00000000,00000000,0,PASS
21,2,q8_0,C5,3,4096,512,30c3737a61249ba1,1,1,0,-1,00000000,00000000,0,PASS
21,2,q8_0,C5,4,4096,512,b5355cdda2df8a82,1,1,0,-1,00000000,00000000,0,PASS
21,3,q8_0,C5,2,1024,32768,ef0d989e2a11147e,1,1,0,-1,00000000,00000000,0,PASS
21,3,q8_0,C5,3,1024,32768,2a31a3640f79ddae,1,1,0,-1,00000000,00000000,0,PASS
21,3,q8_0,C5,4,1024,32768,3d841cf3abd97996,1,1,0,-1,00000000,00000000,0,PASS
21,4,q8_0,C5,2,8192,4096,0edcb1f332e47ddb,1,1,0,-1,00000000,00000000,0,PASS
21,4,q8_0,C5,3,8192,4096,7882c20e4b3ee971,1,1,0,-1,00000000,00000000,0,PASS
21,4,q8_0,C5,4,8192,4096,75d60d736e6da941,1,1,0,-1,00000000,00000000,0,PASS
21,5,f16,C5,2,16384,24,6cde43564987fdaf,1,1,0,-1,00000000,00000000,0,PASS
21,5,f16,C5,3,16384,24,5c4f19cef8b28d70,1,1,0,-1,00000000,00000000,0,PASS
21,5,f16,C5,4,16384,24,27d5c55ff23a355e,1,1,0,-1,00000000,00000000,0,PASS
21,6,f16,C5,2,4096,256,0b0efd6997186103,1,1,0,-1,00000000,00000000,0,PASS
21,6,f16,C5,3,4096,256,dcbaaea0caa30551,1,1,0,-1,00000000,00000000,0,PASS
21,6,f16,C5,4,4096,256,fd4655dd99d835ba,1,1,0,-1,00000000,00000000,0,PASS
22,0,f16,C5,2,16384,24,3792bea1b7ed3223,1,1,0,-1,00000000,00000000,0,PASS
22,0,f16,C5,3,16384,24,b93cd4614f84f1dd,1,1,0,-1,00000000,00000000,0,PASS
22,0,f16,C5,4,16384,24,de63184f9c1db1db,1,1,0,-1,00000000,00000000,0,PASS
22,1,q8_0,C5,2,4096,1024,463bfa24520c2279,1,1,0,-1,00000000,00000000,0,PASS
22,1,q8_0,C5,3,4096,1024,4a434755ba8e33e8,1,1,0,-1,00000000,00000000,0,PASS
22,1,q8_0,C5,4,4096,1024,ef5da22bbd58d8ac,1,1,0,-1,00000000,00000000,0,PASS
22,2,q8_0,C5,2,4096,512,463bfa24520c2279,1,1,0,-1,00000000,00000000,0,PASS
22,2,q8_0,C5,3,4096,512,4a434755ba8e33e8,1,1,0,-1,00000000,00000000,0,PASS
22,2,q8_0,C5,4,4096,512,ef5da22bbd58d8ac,1,1,0,-1,00000000,00000000,0,PASS
22,3,q8_0,C5,2,1024,32768,0efc86c302b258b0,1,1,0,-1,00000000,00000000,0,PASS
22,3,q8_0,C5,3,1024,32768,cb28b8be9ddf9a63,1,1,0,-1,00000000,00000000,0,PASS
22,3,q8_0,C5,4,1024,32768,1d06b0b91f8128c0,1,1,0,-1,00000000,00000000,0,PASS
22,4,q8_0,C5,2,8192,4096,a72d8c9e139e3f16,1,1,0,-1,00000000,00000000,0,PASS
22,4,q8_0,C5,3,8192,4096,8e3e6cb42ea87ebd,1,1,0,-1,00000000,00000000,0,PASS
22,4,q8_0,C5,4,8192,4096,b75527e5b10f501b,1,1,0,-1,00000000,00000000,0,PASS
22,5,f16,C5,2,16384,24,537224e2aa6d4f68,1,1,0,-1,00000000,00000000,0,PASS
22,5,f16,C5,3,16384,24,47c8ee3218fa2277,1,1,0,-1,00000000,00000000,0,PASS
22,5,f16,C5,4,16384,24,9237bfbdedb62116,1,1,0,-1,00000000,00000000,0,PASS
22,6,f16,C5,2,4096,256,d1f68d8a7ff2f620,1,1,0,-1,00000000,00000000,0,PASS
22,6,f16,C5,3,4096,256,e0a8b4c145a1b6f5,1,1,0,-1,00000000,00000000,0,PASS
22,6,f16,C5,4,4096,256,5f72ecfda24b9359,1,1,0,-1,00000000,00000000,0,PASS
23,0,f16,C5,2,16384,24,734bc57eade27b93,1,1,0,-1,00000000,00000000,0,PASS
23,0,f16,C5,3,16384,24,5826515996c0e19c,1,1,0,-1,00000000,00000000,0,PASS
23,0,f16,C5,4,16384,24,46d3d9025cefdbe8,1,1,0,-1,00000000,00000000,0,PASS
23,1,q8_0,C5,2,4096,1024,553cdd15fdd94c61,1,1,0,-1,00000000,00000000,0,PASS
23,1,q8_0,C5,3,4096,1024,d186c433ec06986b,1,1,0,-1,00000000,00000000,0,PASS
23,1,q8_0,C5,4,4096,1024,f26f23919232798f,1,1,0,-1,00000000,00000000,0,PASS
23,2,q8_0,C5,2,4096,512,553cdd15fdd94c61,1,1,0,-1,00000000,00000000,0,PASS
23,2,q8_0,C5,3,4096,512,d186c433ec06986b,1,1,0,-1,00000000,00000000,0,PASS
23,2,q8_0,C5,4,4096,512,f26f23919232798f,1,1,0,-1,00000000,00000000,0,PASS
23,3,q8_0,C5,2,1024,32768,c9d2c96b0664ec6a,1,1,0,-1,00000000,00000000,0,PASS
23,3,q8_0,C5,3,1024,32768,080745530002afca,1,1,0,-1,00000000,00000000,0,PASS
23,3,q8_0,C5,4,1024,32768,7304ae433e12a0d4,1,1,0,-1,00000000,00000000,0,PASS
23,4,q8_0,C5,2,8192,4096,5958e8d50e74144d,1,1,0,-1,00000000,00000000,0,PASS
23,4,q8_0,C5,3,8192,4096,e282aa3d307ab9b5,1,1,0,-1,00000000,00000000,0,PASS
23,4,q8_0,C5,4,8192,4096,9af6f8fba563f7e6,1,1,0,-1,00000000,00000000,0,PASS
23,5,f16,C5,2,16384,24,4cf60a0c49116f78,1,1,0,-1,00000000,00000000,0,PASS
23,5,f16,C5,3,16384,24,f64bb26f47e366b3,1,1,0,-1,00000000,00000000,0,PASS
23,5,f16,C5,4,16384,24,4d21649f21096d09,1,1,0,-1,00000000,00000000,0,PASS
23,6,f16,C5,2,4096,256,2827ea9010ca6e5c,1,1,0,-1,00000000,00000000,0,PASS
23,6,f16,C5,3,4096,256,cd88c469573ccbf8,1,1,0,-1,00000000,00000000,0,PASS
23,6,f16,C5,4,4096,256,05a6306bd743f419,1,1,0,-1,00000000,00000000,0,PASS
24,0,f16,C5,2,16384,24,5758d84f5a5e0301,1,1,0,-1,00000000,00000000,0,PASS
24,0,f16,C5,3,16384,24,5c7b8fe11bfc25d5,1,1,0,-1,00000000,00000000,0,PASS
24,0,f16,C5,4,16384,24,0b5349866dd41d11,1,1,0,-1,00000000,00000000,0,PASS
24,1,q8_0,C5,2,4096,1024,9b1724d6dac1a531,1,1,0,-1,00000000,00000000,0,PASS
24,1,q8_0,C5,3,4096,1024,23c19bbbcb64d5bd,1,1,0,-1,00000000,00000000,0,PASS
24,1,q8_0,C5,4,4096,1024,e7f01d150c52b7e2,1,1,0,-1,00000000,00000000,0,PASS
24,2,q8_0,C5,2,4096,512,9b1724d6dac1a531,1,1,0,-1,00000000,00000000,0,PASS
24,2,q8_0,C5,3,4096,512,23c19bbbcb64d5bd,1,1,0,-1,00000000,00000000,0,PASS
24,2,q8_0,C5,4,4096,512,e7f01d150c52b7e2,1,1,0,-1,00000000,00000000,0,PASS
24,3,q8_0,C5,2,1024,32768,c97cca78465787e4,1,1,0,-1,00000000,00000000,0,PASS
24,3,q8_0,C5,3,1024,32768,205aae947cd74506,1,1,0,-1,00000000,00000000,0,PASS
24,3,q8_0,C5,4,1024,32768,4ed51132b1c2009c,1,1,0,-1,00000000,00000000,0,PASS
24,4,q8_0,C5,2,8192,4096,4bd00547512a6ae0,1,1,0,-1,00000000,00000000,0,PASS
24,4,q8_0,C5,3,8192,4096,af00c278c6977e66,1,1,0,-1,00000000,00000000,0,PASS
24,4,q8_0,C5,4,8192,4096,4f014204e44b357a,1,1,0,-1,00000000,00000000,0,PASS
24,5,f16,C5,2,16384,24,3f9e7e561a8315d6,1,1,0,-1,00000000,00000000,0,PASS
24,5,f16,C5,3,16384,24,7414091c939b8b25,1,1,0,-1,00000000,00000000,0,PASS
24,5,f16,C5,4,16384,24,b7db803af6b155de,1,1,0,-1,00000000,00000000,0,PASS
24,6,f16,C5,2,4096,256,b1d5919fc0628a5e,1,1,0,-1,00000000,00000000,0,PASS
24,6,f16,C5,3,4096,256,da6e00d2c4543e8c,1,1,0,-1,00000000,00000000,0,PASS
24,6,f16,C5,4,4096,256,20b21354618f459b,1,1,0,-1,00000000,00000000,0,PASS
25,0,f16,C5,2,16384,24,216bc02bfcaa5b2e,1,1,0,-1,00000000,00000000,0,PASS
25,0,f16,C5,3,16384,24,1c1b85020c612fdb,1,1,0,-1,00000000,00000000,0,PASS
25,0,f16,C5,4,16384,24,efa8c6d941e00593,1,1,0,-1,00000000,00000000,0,PASS
25,1,q8_0,C5,2,4096,1024,5d3002b0784218b1,1,1,0,-1,00000000,00000000,0,PASS
25,1,q8_0,C5,3,4096,1024,692f6c502b3546dd,1,1,0,-1,00000000,00000000,0,PASS
25,1,q8_0,C5,4,4096,1024,61759f2757fd7736,1,1,0,-1,00000000,00000000,0,PASS
25,2,q8_0,C5,2,4096,512,5d3002b0784218b1,1,1,0,-1,00000000,00000000,0,PASS
25,2,q8_0,C5,3,4096,512,692f6c502b3546dd,1,1,0,-1,00000000,00000000,0,PASS
25,2,q8_0,C5,4,4096,512,61759f2757fd7736,1,1,0,-1,00000000,00000000,0,PASS
25,3,q8_0,C5,2,1024,32768,5553514551952a6d,1,1,0,-1,00000000,00000000,0,PASS
25,3,q8_0,C5,3,1024,32768,afc456b9b2581dbe,1,1,0,-1,00000000,00000000,0,PASS
25,3,q8_0,C5,4,1024,32768,053c8de768beb825,1,1,0,-1,00000000,00000000,0,PASS
25,4,q8_0,C5,2,8192,4096,056e1b2616968839,1,1,0,-1,00000000,00000000,0,PASS
25,4,q8_0,C5,3,8192,4096,6fa062087a99b2cf,1,1,0,-1,00000000,00000000,0,PASS
25,4,q8_0,C5,4,8192,4096,6838cc8ba7fa24e2,1,1,0,-1,00000000,00000000,0,PASS
25,5,f16,C5,2,16384,24,ec5db4a12febec99,1,1,0,-1,00000000,00000000,0,PASS
25,5,f16,C5,3,16384,24,c95976b9ddac41a8,1,1,0,-1,00000000,00000000,0,PASS
25,5,f16,C5,4,16384,24,7be0dcb7b6e0eb2f,1,1,0,-1,00000000,00000000,0,PASS
25,6,f16,C5,2,4096,256,34166a60dd7bb91c,1,1,0,-1,00000000,00000000,0,PASS
25,6,f16,C5,3,4096,256,35281fc25a9aa77e,1,1,0,-1,00000000,00000000,0,PASS
25,6,f16,C5,4,4096,256,a19348da519345a4,1,1,0,-1,00000000,00000000,0,PASS
26,0,f16,C5,2,16384,24,d54b81ea71a6a299,1,1,0,-1,00000000,00000000,0,PASS
26,0,f16,C5,3,16384,24,d336a32765fa7354,1,1,0,-1,00000000,00000000,0,PASS
26,0,f16,C5,4,16384,24,24f7d6f6e4c045a2,1,1,0,-1,00000000,00000000,0,PASS
26,1,q8_0,C5,2,4096,1024,14bd04956a7b4049,1,1,0,-1,00000000,00000000,0,PASS
26,1,q8_0,C5,3,4096,1024,4ba33d7cdb3ca5c7,1,1,0,-1,00000000,00000000,0,PASS
26,1,q8_0,C5,4,4096,1024,df05d8ebe40b078d,1,1,0,-1,00000000,00000000,0,PASS
26,2,q8_0,C5,2,4096,512,14bd04956a7b4049,1,1,0,-1,00000000,00000000,0,PASS
26,2,q8_0,C5,3,4096,512,4ba33d7cdb3ca5c7,1,1,0,-1,00000000,00000000,0,PASS
26,2,q8_0,C5,4,4096,512,df05d8ebe40b078d,1,1,0,-1,00000000,00000000,0,PASS
26,3,q8_0,C5,2,1024,32768,944f04975ec78ae2,1,1,0,-1,00000000,00000000,0,PASS
26,3,q8_0,C5,3,1024,32768,a408024466aed936,1,1,0,-1,00000000,00000000,0,PASS
26,3,q8_0,C5,4,1024,32768,b2b1e2285e335968,1,1,0,-1,00000000,00000000,0,PASS
26,4,q8_0,C5,2,8192,4096,f85b562bb6ed1e8e,1,1,0,-1,00000000,00000000,0,PASS
26,4,q8_0,C5,3,8192,4096,5312897ed9c4a6ac,1,1,0,-1,00000000,00000000,0,PASS
26,4,q8_0,C5,4,8192,4096,78cb0aae703fbce7,1,1,0,-1,00000000,00000000,0,PASS
26,5,f16,C5,2,16384,24,1f3c2fad635bc2ca,1,1,0,-1,00000000,00000000,0,PASS
26,5,f16,C5,3,16384,24,47a63989586590fe,1,1,0,-1,00000000,00000000,0,PASS
26,5,f16,C5,4,16384,24,13884888c71dadae,1,1,0,-1,00000000,00000000,0,PASS
26,6,f16,C5,2,4096,256,db0a9d5137b1651c,1,1,0,-1,00000000,00000000,0,PASS
26,6,f16,C5,3,4096,256,df660a7eb0b6c66b,1,1,0,-1,00000000,00000000,0,PASS
26,6,f16,C5,4,4096,256,93f0d8cb101f2cc9,1,1,0,-1,00000000,00000000,0,PASS
27,0,f16,C5,2,16384,24,b62300fc4e7a71bd,1,1,0,-1,00000000,00000000,0,PASS
27,0,f16,C5,3,16384,24,e0c0d0d11cad3f7c,1,1,0,-1,00000000,00000000,0,PASS
27,0,f16,C5,4,16384,24,efe60ad78fce8a75,1,1,0,-1,00000000,00000000,0,PASS
27,1,q8_0,C5,2,4096,1024,79fb4bba0336d04d,1,1,0,-1,00000000,00000000,0,PASS
27,1,q8_0,C5,3,4096,1024,12bd977eeaae058c,1,1,0,-1,00000000,00000000,0,PASS
27,1,q8_0,C5,4,4096,1024,2b97738b40c7664b,1,1,0,-1,00000000,00000000,0,PASS
27,2,q8_0,C5,2,4096,512,79fb4bba0336d04d,1,1,0,-1,00000000,00000000,0,PASS
27,2,q8_0,C5,3,4096,512,12bd977eeaae058c,1,1,0,-1,00000000,00000000,0,PASS
27,2,q8_0,C5,4,4096,512,2b97738b40c7664b,1,1,0,-1,00000000,00000000,0,PASS
27,3,q8_0,C5,2,1024,32768,b05a5886d0ab7bb0,1,1,0,-1,00000000,00000000,0,PASS
27,3,q8_0,C5,3,1024,32768,4f1454063e36b2cc,1,1,0,-1,00000000,00000000,0,PASS
27,3,q8_0,C5,4,1024,32768,e96c67228e47f7fe,1,1,0,-1,00000000,00000000,0,PASS
27,4,q8_0,C5,2,8192,4096,cd1d9b671f793459,1,1,0,-1,00000000,00000000,0,PASS
27,4,q8_0,C5,3,8192,4096,d50d7550b7841df0,1,1,0,-1,00000000,00000000,0,PASS
27,4,q8_0,C5,4,8192,4096,8b1cbdaa4d354163,1,1,0,-1,00000000,00000000,0,PASS
27,5,f16,C5,2,16384,24,f6ae24a58dbcd229,1,1,0,-1,00000000,00000000,0,PASS
27,5,f16,C5,3,16384,24,91cd45c7856a0963,1,1,0,-1,00000000,00000000,0,PASS
27,5,f16,C5,4,16384,24,2ff0569059c78590,1,1,0,-1,00000000,00000000,0,PASS
27,6,f16,C5,2,4096,256,d5491dadcf2d80ad,1,1,0,-1,00000000,00000000,0,PASS
27,6,f16,C5,3,4096,256,840ac5d97e4594dc,1,1,0,-1,00000000,00000000,0,PASS
27,6,f16,C5,4,4096,256,f259090240deaf0f,1,1,0,-1,00000000,00000000,0,PASS
28,0,f16,C5,2,16384,24,56171227df2d53ff,1,1,0,-1,00000000,00000000,0,PASS
28,0,f16,C5,3,16384,24,9e974ec8019b6303,1,1,0,-1,00000000,00000000,0,PASS
28,0,f16,C5,4,16384,24,1dd301d15baf94fe,1,1,0,-1,00000000,00000000,0,PASS
28,1,q8_0,C5,2,4096,1024,383b9df7d2797dd1,1,1,0,-1,00000000,00000000,0,PASS
28,1,q8_0,C5,3,4096,1024,d8273567eeeb7961,1,1,0,-1,00000000,00000000,0,PASS
28,1,q8_0,C5,4,4096,1024,e22dab2ba7c461a0,1,1,0,-1,00000000,00000000,0,PASS
28,2,q8_0,C5,2,4096,512,383b9df7d2797dd1,1,1,0,-1,00000000,00000000,0,PASS
28,2,q8_0,C5,3,4096,512,d8273567eeeb7961,1,1,0,-1,00000000,00000000,0,PASS
28,2,q8_0,C5,4,4096,512,e22dab2ba7c461a0,1,1,0,-1,00000000,00000000,0,PASS
28,3,q8_0,C5,2,1024,32768,24682e6685e72d1e,1,1,0,-1,00000000,00000000,0,PASS
28,3,q8_0,C5,3,1024,32768,3c28e0cbfb53d5f8,1,1,0,-1,00000000,00000000,0,PASS
28,3,q8_0,C5,4,1024,32768,1fa968ecaf95c5cc,1,1,0,-1,00000000,00000000,0,PASS
28,4,q8_0,C5,2,8192,4096,99e12d7820c841e7,1,1,0,-1,00000000,00000000,0,PASS
28,4,q8_0,C5,3,8192,4096,ed746e0483db3df0,1,1,0,-1,00000000,00000000,0,PASS
28,4,q8_0,C5,4,8192,4096,2ca8f9d6632f0b6e,1,1,0,-1,00000000,00000000,0,PASS
28,5,f16,C5,2,16384,24,f2707f54413de7f7,1,1,0,-1,00000000,00000000,0,PASS
28,5,f16,C5,3,16384,24,b9e26c55428036cf,1,1,0,-1,00000000,00000000,0,PASS
28,5,f16,C5,4,16384,24,f9e1423c00594685,1,1,0,-1,00000000,00000000,0,PASS
28,6,f16,C5,2,4096,256,947e38dd88679ca1,1,1,0,-1,00000000,00000000,0,PASS
28,6,f16,C5,3,4096,256,374fb94c78ac34f1,1,1,0,-1,00000000,00000000,0,PASS
28,6,f16,C5,4,4096,256,7df462dda03e591d,1,1,0,-1,00000000,00000000,0,PASS
29,0,f16,C5,2,16384,24,921d70e086dd3612,1,1,0,-1,00000000,00000000,0,PASS
29,0,f16,C5,3,16384,24,7fe7088e59098fcb,1,1,0,-1,00000000,00000000,0,PASS
29,0,f16,C5,4,16384,24,e005e5b97b1f819a,1,1,0,-1,00000000,00000000,0,PASS
29,1,q8_0,C5,2,4096,1024,35419744cd417041,1,1,0,-1,00000000,00000000,0,PASS
29,1,q8_0,C5,3,4096,1024,6eeccf46cee44ee5,1,1,0,-1,00000000,00000000,0,PASS
29,1,q8_0,C5,4,4096,1024,2cb31e77b1c46b3a,1,1,0,-1,00000000,00000000,0,PASS
29,2,q8_0,C5,2,4096,512,35419744cd417041,1,1,0,-1,00000000,00000000,0,PASS
29,2,q8_0,C5,3,4096,512,6eeccf46cee44ee5,1,1,0,-1,00000000,00000000,0,PASS
29,2,q8_0,C5,4,4096,512,2cb31e77b1c46b3a,1,1,0,-1,00000000,00000000,0,PASS
29,3,q8_0,C5,2,1024,32768,d811aedd0049ca29,1,1,0,-1,00000000,00000000,0,PASS
29,3,q8_0,C5,3,1024,32768,ee0a71e09436e70c,1,1,0,-1,00000000,00000000,0,PASS
29,3,q8_0,C5,4,1024,32768,b4098b87f1f68958,1,1,0,-1,00000000,00000000,0,PASS
29,4,q8_0,C5,2,8192,4096,e0f4f32ce5bc601d,1,1,0,-1,00000000,00000000,0,PASS
29,4,q8_0,C5,3,8192,4096,d531fabe15e1b0ec,1,1,0,-1,00000000,00000000,0,PASS
29,4,q8_0,C5,4,8192,4096,f760e0e895b8ab88,1,1,0,-1,00000000,00000000,0,PASS
29,5,f16,C5,2,16384,24,bc31d334c63c2fc7,1,1,0,-1,00000000,00000000,0,PASS
29,5,f16,C5,3,16384,24,cc60d86ad757d798,1,1,0,-1,00000000,00000000,0,PASS
29,5,f16,C5,4,16384,24,95b57a37eefc9c53,1,1,0,-1,00000000,00000000,0,PASS
29,6,f16,C5,2,4096,256,a2117bbf019c04fc,1,1,0,-1,00000000,00000000,0,PASS
29,6,f16,C5,3,4096,256,51834392e4c82c35,1,1,0,-1,00000000,00000000,0,PASS
29,6,f16,C5,4,4096,256,07f088ef04599461,1,1,0,-1,00000000,00000000,0,PASS
30,0,f16,C5,2,16384,24,fde30145b9ab66f7,1,1,0,-1,00000000,00000000,0,PASS
30,0,f16,C5,3,16384,24,c98f0317a0864e10,1,1,0,-1,00000000,00000000,0,PASS
30,0,f16,C5,4,16384,24,a57e5c218892ab13,1,1,0,-1,00000000,00000000,0,PASS
30,1,q8_0,C5,2,4096,1024,6a9a6c6afdaf2f0f,1,1,0,-1,00000000,00000000,0,PASS
30,1,q8_0,C5,3,4096,1024,06530f3f25585a50,1,1,0,-1,00000000,00000000,0,PASS
30,1,q8_0,C5,4,4096,1024,2ce08aca808cd1e4,1,1,0,-1,00000000,00000000,0,PASS
30,2,q8_0,C5,2,4096,512,6a9a6c6afdaf2f0f,1,1,0,-1,00000000,00000000,0,PASS
30,2,q8_0,C5,3,4096,512,06530f3f25585a50,1,1,0,-1,00000000,00000000,0,PASS
30,2,q8_0,C5,4,4096,512,2ce08aca808cd1e4,1,1,0,-1,00000000,00000000,0,PASS
30,3,q8_0,C5,2,1024,32768,f5e90b95c9a565ec,1,1,0,-1,00000000,00000000,0,PASS
30,3,q8_0,C5,3,1024,32768,44224fbbf9ff75cd,1,1,0,-1,00000000,00000000,0,PASS
30,3,q8_0,C5,4,1024,32768,4a7e4c15b396ecb3,1,1,0,-1,00000000,00000000,0,PASS
30,4,q8_0,C5,2,8192,4096,b0494befeb544a20,1,1,0,-1,00000000,00000000,0,PASS
30,4,q8_0,C5,3,8192,4096,d7e597e25df55db5,1,1,0,-1,00000000,00000000,0,PASS
30,4,q8_0,C5,4,8192,4096,e982814a2ca0ac5f,1,1,0,-1,00000000,00000000,0,PASS
30,5,f16,C5,2,16384,24,f27d0f019e71a120,1,1,0,-1,00000000,00000000,0,PASS
30,5,f16,C5,3,16384,24,4caae9a93561b62e,1,1,0,-1,00000000,00000000,0,PASS
30,5,f16,C5,4,16384,24,608b0853c1938c63,1,1,0,-1,00000000,00000000,0,PASS
30,6,f16,C5,2,4096,256,58f9842e45875458,1,1,0,-1,00000000,00000000,0,PASS
30,6,f16,C5,3,4096,256,d343192d8d8a70d2,1,1,0,-1,00000000,00000000,0,PASS
30,6,f16,C5,4,4096,256,eb288b5fcb764c75,1,1,0,-1,00000000,00000000,0,PASS
31,0,f16,C5,2,16384,24,a93a161430ffb5f8,1,1,0,-1,00000000,00000000,0,PASS
31,0,f16,C5,3,16384,24,3f47a82c02bc9209,1,1,0,-1,00000000,00000000,0,PASS
31,0,f16,C5,4,16384,24,5bb66d93ecb7b983,1,1,0,-1,00000000,00000000,0,PASS
31,1,q8_0,C5,2,4096,1024,12fbb8d18c8e6ed5,1,1,0,-1,00000000,00000000,0,PASS
31,1,q8_0,C5,3,4096,1024,f75946ab6c51cacc,1,1,0,-1,00000000,00000000,0,PASS
31,1,q8_0,C5,4,4096,1024,d01d9df22b2b4996,1,1,0,-1,00000000,00000000,0,PASS
31,2,q8_0,C5,2,4096,512,12fbb8d18c8e6ed5,1,1,0,-1,00000000,00000000,0,PASS
31,2,q8_0,C5,3,4096,512,f75946ab6c51cacc,1,1,0,-1,00000000,00000000,0,PASS
31,2,q8_0,C5,4,4096,512,d01d9df22b2b4996,1,1,0,-1,00000000,00000000,0,PASS
31,3,q8_0,C5,2,1024,32768,758c6a63b1f31d54,1,1,0,-1,00000000,00000000,0,PASS
31,3,q8_0,C5,3,1024,32768,4e26588efdf5315d,1,1,0,-1,00000000,00000000,0,PASS
31,3,q8_0,C5,4,1024,32768,cef7ac29d5efbf9d,1,1,0,-1,00000000,00000000,0,PASS
31,4,q8_0,C5,2,8192,4096,f7accdb08c62dc8c,1,1,0,-1,00000000,00000000,0,PASS
31,4,q8_0,C5,3,8192,4096,7dfc2047d1ddbae0,1,1,0,-1,00000000,00000000,0,PASS
31,4,q8_0,C5,4,8192,4096,c8fe8c0d7781c07c,1,1,0,-1,00000000,00000000,0,PASS
31,5,f16,C5,2,16384,24,a6bc594aa4a43a2d,1,1,0,-1,00000000,00000000,0,PASS
31,5,f16,C5,3,16384,24,0e05b25493c8a4c6,1,1,0,-1,00000000,00000000,0,PASS
31,5,f16,C5,4,16384,24,d39bf0407b4e9148,1,1,0,-1,00000000,00000000,0,PASS
31,6,f16,C5,2,4096,256,1fa3bd647daae533,1,1,0,-1,00000000,00000000,0,PASS
31,6,f16,C5,3,4096,256,1617d876e5f76e25,1,1,0,-1,00000000,00000000,0,PASS
31,6,f16,C5,4,4096,256,1940c16ac0ea7c85,1,1,0,-1,00000000,00000000,0,PASS
32,0,f16,C5,2,16384,24,de4de36bba8aed5c,1,1,0,-1,00000000,00000000,0,PASS
32,0,f16,C5,3,16384,24,14fe4ade1c3e0391,1,1,0,-1,00000000,00000000,0,PASS
32,0,f16,C5,4,16384,24,17b659e2644a89e0,1,1,0,-1,00000000,00000000,0,PASS
32,1,q8_0,C5,2,4096,1024,e86fd554758980c1,1,1,0,-1,00000000,00000000,0,PASS
32,1,q8_0,C5,3,4096,1024,92b9896f7ea099d5,1,1,0,-1,00000000,00000000,0,PASS
32,1,q8_0,C5,4,4096,1024,ba2af03610407c28,1,1,0,-1,00000000,00000000,0,PASS
32,2,q8_0,C5,2,4096,512,e86fd554758980c1,1,1,0,-1,00000000,00000000,0,PASS
32,2,q8_0,C5,3,4096,512,92b9896f7ea099d5,1,1,0,-1,00000000,00000000,0,PASS
32,2,q8_0,C5,4,4096,512,ba2af03610407c28,1,1,0,-1,00000000,00000000,0,PASS
32,3,q8_0,C5,2,1024,32768,90d683626130d9ac,1,1,0,-1,00000000,00000000,0,PASS
32,3,q8_0,C5,3,1024,32768,1920ca1d3607230c,1,1,0,-1,00000000,00000000,0,PASS
32,3,q8_0,C5,4,1024,32768,8621aa40befc4ba4,1,1,0,-1,00000000,00000000,0,PASS
32,4,q8_0,C5,2,8192,4096,41d44c1e0eab5535,1,1,0,-1,00000000,00000000,0,PASS
32,4,q8_0,C5,3,8192,4096,e9ab4dd92ed96787,1,1,0,-1,00000000,00000000,0,PASS
32,4,q8_0,C5,4,8192,4096,fba4073d26889928,1,1,0,-1,00000000,00000000,0,PASS
32,5,f16,C5,2,16384,24,fcef059c443361a8,1,1,0,-1,00000000,00000000,0,PASS
32,5,f16,C5,3,16384,24,7108cc22cfcf224b,1,1,0,-1,00000000,00000000,0,PASS
32,5,f16,C5,4,16384,24,434f000978f52c4f,1,1,0,-1,00000000,00000000,0,PASS
32,6,f16,C5,2,4096,256,0fac960788eb41d1,1,1,0,-1,00000000,00000000,0,PASS
32,6,f16,C5,3,4096,256,fea2c5b3ff911319,1,1,0,-1,00000000,00000000,0,PASS
32,6,f16,C5,4,4096,256,13602b591def3678,1,1,0,-1,00000000,00000000,0,PASS
33,0,f16,C5,2,16384,24,7197a08404222a5b,1,1,0,-1,00000000,00000000,0,PASS
33,0,f16,C5,3,16384,24,967e93fff4a24aaf,1,1,0,-1,00000000,00000000,0,PASS
33,0,f16,C5,4,16384,24,fd452ea844995c9e,1,1,0,-1,00000000,00000000,0,PASS
33,1,q8_0,C5,2,4096,1024,e7c607069475d56a,1,1,0,-1,00000000,00000000,0,PASS
33,1,q8_0,C5,3,4096,1024,e8584a42a9d4d31c,1,1,0,-1,00000000,00000000,0,PASS
33,1,q8_0,C5,4,4096,1024,76e09718c7937c60,1,1,0,-1,00000000,00000000,0,PASS
33,2,q8_0,C5,2,4096,512,e7c607069475d56a,1,1,0,-1,00000000,00000000,0,PASS
33,2,q8_0,C5,3,4096,512,e8584a42a9d4d31c,1,1,0,-1,00000000,00000000,0,PASS
33,2,q8_0,C5,4,4096,512,76e09718c7937c60,1,1,0,-1,00000000,00000000,0,PASS
33,3,q8_0,C5,2,1024,32768,60706404c70c785e,1,1,0,-1,00000000,00000000,0,PASS
33,3,q8_0,C5,3,1024,32768,86d1bec9cc91f6f0,1,1,0,-1,00000000,00000000,0,PASS
33,3,q8_0,C5,4,1024,32768,b1f6c22da485423c,1,1,0,-1,00000000,00000000,0,PASS
33,4,q8_0,C5,2,8192,4096,801ffd342bb5e19e,1,1,0,-1,00000000,00000000,0,PASS
33,4,q8_0,C5,3,8192,4096,82bc6e7b6eebc921,1,1,0,-1,00000000,00000000,0,PASS
33,4,q8_0,C5,4,8192,4096,e376a71a5d563e71,1,1,0,-1,00000000,00000000,0,PASS
33,5,f16,C5,2,16384,24,ac7c056341daa871,1,1,0,-1,00000000,00000000,0,PASS
33,5,f16,C5,3,16384,24,b142939110955b26,1,1,0,-1,00000000,00000000,0,PASS
33,5,f16,C5,4,16384,24,1e3f2de3fb27edfe,1,1,0,-1,00000000,00000000,0,PASS
33,6,f16,C5,2,4096,256,a8cf992f41d8a495,1,1,0,-1,00000000,00000000,0,PASS
33,6,f16,C5,3,4096,256,d1e55664f86a43ef,1,1,0,-1,00000000,00000000,0,PASS
33,6,f16,C5,4,4096,256,9914d779b34e87da,1,1,0,-1,00000000,00000000,0,PASS
34,0,f16,C5,2,16384,24,6c7108f9fc8bbb36,1,1,0,-1,00000000,00000000,0,PASS
34,0,f16,C5,3,16384,24,4f6e2fdd0d82bd19,1,1,0,-1,00000000,00000000,0,PASS
34,0,f16,C5,4,16384,24,4e3adae121017743,1,1,0,-1,00000000,00000000,0,PASS
34,1,q8_0,C5,2,4096,1024,5f90b1ad8669481e,1,1,0,-1,00000000,00000000,0,PASS
34,1,q8_0,C5,3,4096,1024,eabcc39c9aaf99f6,1,1,0,-1,00000000,00000000,0,PASS
34,1,q8_0,C5,4,4096,1024,0d184c6c23833bc7,1,1,0,-1,00000000,00000000,0,PASS
34,2,q8_0,C5,2,4096,512,5f90b1ad8669481e,1,1,0,-1,00000000,00000000,0,PASS
34,2,q8_0,C5,3,4096,512,eabcc39c9aaf99f6,1,1,0,-1,00000000,00000000,0,PASS
34,2,q8_0,C5,4,4096,512,0d184c6c23833bc7,1,1,0,-1,00000000,00000000,0,PASS
34,3,q8_0,C5,2,1024,32768,b18a5b5aa1721b1e,1,1,0,-1,00000000,00000000,0,PASS
34,3,q8_0,C5,3,1024,32768,f67a5554b253da86,1,1,0,-1,00000000,00000000,0,PASS
34,3,q8_0,C5,4,1024,32768,804460ce2b891ef9,1,1,0,-1,00000000,00000000,0,PASS
34,4,q8_0,C5,2,8192,4096,4969f30324dc48dc,1,1,0,-1,00000000,00000000,0,PASS
34,4,q8_0,C5,3,8192,4096,8695a8d356664009,1,1,0,-1,00000000,00000000,0,PASS
34,4,q8_0,C5,4,8192,4096,6ff6410ef8049fad,1,1,0,-1,00000000,00000000,0,PASS
34,5,f16,C5,2,16384,24,ae76aa55d2878ebe,1,1,0,-1,00000000,00000000,0,PASS
34,5,f16,C5,3,16384,24,0af5f40453feaa81,1,1,0,-1,00000000,00000000,0,PASS
34,5,f16,C5,4,16384,24,664416c8da2aa335,1,1,0,-1,00000000,00000000,0,PASS
34,6,f16,C5,2,4096,256,ea0e657db8bba5e8,1,1,0,-1,00000000,00000000,0,PASS
34,6,f16,C5,3,4096,256,32a7697ad78ed049,1,1,0,-1,00000000,00000000,0,PASS
34,6,f16,C5,4,4096,256,6453ff00ad72953e,1,1,0,-1,00000000,00000000,0,PASS
35,0,f16,C5,2,16384,24,523083378fcf8a37,1,1,0,-1,00000000,00000000,0,PASS
35,0,f16,C5,3,16384,24,b5f6a50363fec884,1,1,0,-1,00000000,00000000,0,PASS
35,0,f16,C5,4,16384,24,3fa9cedc8112ebcf,1,1,0,-1,00000000,00000000,0,PASS
35,1,q8_0,C5,2,4096,1024,2043c4150d5ae4db,1,1,0,-1,00000000,00000000,0,PASS
35,1,q8_0,C5,3,4096,1024,55119a383d6aec29,1,1,0,-1,00000000,00000000,0,PASS
35,1,q8_0,C5,4,4096,1024,8e70a79238b76342,1,1,0,-1,00000000,00000000,0,PASS
35,2,q8_0,C5,2,4096,512,2043c4150d5ae4db,1,1,0,-1,00000000,00000000,0,PASS
35,2,q8_0,C5,3,4096,512,55119a383d6aec29,1,1,0,-1,00000000,00000000,0,PASS
35,2,q8_0,C5,4,4096,512,8e70a79238b76342,1,1,0,-1,00000000,00000000,0,PASS
35,3,q8_0,C5,2,1024,32768,73b54fac0d2d3de9,1,1,0,-1,00000000,00000000,0,PASS
35,3,q8_0,C5,3,1024,32768,98d620fbf022b98b,1,1,0,-1,00000000,00000000,0,PASS
35,3,q8_0,C5,4,1024,32768,3fa25fbaab2e2a59,1,1,0,-1,00000000,00000000,0,PASS
35,4,q8_0,C5,2,8192,4096,2f5eb6129f06c55f,1,1,0,-1,00000000,00000000,0,PASS
35,4,q8_0,C5,3,8192,4096,9f7426619006a1a7,1,1,0,-1,00000000,00000000,0,PASS
35,4,q8_0,C5,4,8192,4096,5c394f0de9da110f,1,1,0,-1,00000000,00000000,0,PASS
35,5,f16,C5,2,16384,24,6c7f7e1294458cda,1,1,0,-1,00000000,00000000,0,PASS
35,5,f16,C5,3,16384,24,40c856fb35a33f69,1,1,0,-1,00000000,00000000,0,PASS
35,5,f16,C5,4,16384,24,a355de5bb75c6fa3,1,1,0,-1,00000000,00000000,0,PASS
35,6,f16,C5,2,4096,256,1df38218c610e4aa,1,1,0,-1,00000000,00000000,0,PASS
35,6,f16,C5,3,4096,256,ddc87e3a43ae65df,1,1,0,-1,00000000,00000000,0,PASS
35,6,f16,C5,4,4096,256,d2577cbe39c1d77c,1,1,0,-1,00000000,00000000,0,PASS
36,0,f16,C5,2,16384,24,802d2ccfc36b36ed,1,1,0,-1,00000000,00000000,0,PASS
36,0,f16,C5,3,16384,24,d2ff0c9bc4ee97fe,1,1,0,-1,00000000,00000000,0,PASS
36,0,f16,C5,4,16384,24,32b104afb2c5271e,1,1,0,-1,00000000,00000000,0,PASS
36,1,q8_0,C5,2,4096,1024,2e27029b66b622b0,1,1,0,-1,00000000,00000000,0,PASS
36,1,q8_0,C5,3,4096,1024,0d6d2660159b564b,1,1,0,-1,00000000,00000000,0,PASS
36,1,q8_0,C5,4,4096,1024,f88ca43cfc3ddce7,1,1,0,-1,00000000,00000000,0,PASS
36,2,q8_0,C5,2,4096,512,2e27029b66b622b0,1,1,0,-1,00000000,00000000,0,PASS
36,2,q8_0,C5,3,4096,512,0d6d2660159b564b,1,1,0,-1,00000000,00000000,0,PASS
36,2,q8_0,C5,4,4096,512,f88ca43cfc3ddce7,1,1,0,-1,00000000,00000000,0,PASS
36,3,q8_0,C5,2,1024,32768,63ed399a4163db1a,1,1,0,-1,00000000,00000000,0,PASS
36,3,q8_0,C5,3,1024,32768,2ec5b6881361459f,1,1,0,-1,00000000,00000000,0,PASS
36,3,q8_0,C5,4,1024,32768,068838259f97b3e3,1,1,0,-1,00000000,00000000,0,PASS
36,4,q8_0,C5,2,8192,4096,de38eb2a849e0c60,1,1,0,-1,00000000,00000000,0,PASS
36,4,q8_0,C5,3,8192,4096,0239bb48a0d2f093,1,1,0,-1,00000000,00000000,0,PASS
36,4,q8_0,C5,4,8192,4096,4c7d7f4a9cc16bc5,1,1,0,-1,00000000,00000000,0,PASS
36,5,f16,C5,2,16384,24,2c5f23802288203a,1,1,0,-1,00000000,00000000,0,PASS
36,5,f16,C5,3,16384,24,7c391df040f0f7e9,1,1,0,-1,00000000,00000000,0,PASS
36,5,f16,C5,4,16384,24,184cabddb07d425c,1,1,0,-1,00000000,00000000,0,PASS
36,6,f16,C5,2,4096,256,8ef8b17287a185cf,1,1,0,-1,00000000,00000000,0,PASS
36,6,f16,C5,3,4096,256,e5ce52642a5613b1,1,1,0,-1,00000000,00000000,0,PASS
36,6,f16,C5,4,4096,256,a26b1c64640a86bc,1,1,0,-1,00000000,00000000,0,PASS
37,0,f16,C5,2,16384,24,c2918b1dd5f391e9,1,1,0,-1,00000000,00000000,0,PASS
37,0,f16,C5,3,16384,24,f438c3774fc0ca57,1,1,0,-1,00000000,00000000,0,PASS
37,0,f16,C5,4,16384,24,4e8b5abe7d86ffba,1,1,0,-1,00000000,00000000,0,PASS
37,1,q8_0,C5,2,4096,1024,94df1f13eaaaf35c,1,1,0,-1,00000000,00000000,0,PASS
37,1,q8_0,C5,3,4096,1024,9617f92d947c4694,1,1,0,-1,00000000,00000000,0,PASS
37,1,q8_0,C5,4,4096,1024,df58297422db7b7a,1,1,0,-1,00000000,00000000,0,PASS
37,2,q8_0,C5,2,4096,512,94df1f13eaaaf35c,1,1,0,-1,00000000,00000000,0,PASS
37,2,q8_0,C5,3,4096,512,9617f92d947c4694,1,1,0,-1,00000000,00000000,0,PASS
37,2,q8_0,C5,4,4096,512,df58297422db7b7a,1,1,0,-1,00000000,00000000,0,PASS
37,3,q8_0,C5,2,1024,32768,2e68b01ba42701e8,1,1,0,-1,00000000,00000000,0,PASS
37,3,q8_0,C5,3,1024,32768,20ede66f56e2f006,1,1,0,-1,00000000,00000000,0,PASS
37,3,q8_0,C5,4,1024,32768,9074c66248c3a3d7,1,1,0,-1,00000000,00000000,0,PASS
37,4,q8_0,C5,2,8192,4096,aa56c8a6ca90cbce,1,1,0,-1,00000000,00000000,0,PASS
37,4,q8_0,C5,3,8192,4096,128159268d4d765d,1,1,0,-1,00000000,00000000,0,PASS
37,4,q8_0,C5,4,8192,4096,156a4d7356935c07,1,1,0,-1,00000000,00000000,0,PASS
37,5,f16,C5,2,16384,24,df48853dbf8cb535,1,1,0,-1,00000000,00000000,0,PASS
37,5,f16,C5,3,16384,24,065c532d27f8a2c6,1,1,0,-1,00000000,00000000,0,PASS
37,5,f16,C5,4,16384,24,746f62238efdc886,1,1,0,-1,00000000,00000000,0,PASS
37,6,f16,C5,2,4096,256,5ec59c85dc49f2d6,1,1,0,-1,00000000,00000000,0,PASS
37,6,f16,C5,3,4096,256,48c45d3870e1aa86,1,1,0,-1,00000000,00000000,0,PASS
37,6,f16,C5,4,4096,256,c15add5f134cb6d7,1,1,0,-1,00000000,00000000,0,PASS
38,0,f16,C5,2,16384,24,b891d2c7ce3f349f,1,1,0,-1,00000000,00000000,0,PASS
38,0,f16,C5,3,16384,24,a243560570c26964,1,1,0,-1,00000000,00000000,0,PASS
38,0,f16,C5,4,16384,24,baf9cafeb8a66453,1,1,0,-1,00000000,00000000,0,PASS
38,1,q8_0,C5,2,4096,1024,75af34d9b9ae5545,1,1,0,-1,00000000,00000000,0,PASS
38,1,q8_0,C5,3,4096,1024,5e02bf5c7042b3be,1,1,0,-1,00000000,00000000,0,PASS
38,1,q8_0,C5,4,4096,1024,9768630f9946df84,1,1,0,-1,00000000,00000000,0,PASS
38,2,q8_0,C5,2,4096,512,75af34d9b9ae5545,1,1,0,-1,00000000,00000000,0,PASS
38,2,q8_0,C5,3,4096,512,5e02bf5c7042b3be,1,1,0,-1,00000000,00000000,0,PASS
38,2,q8_0,C5,4,4096,512,9768630f9946df84,1,1,0,-1,00000000,00000000,0,PASS
38,3,q8_0,C5,2,1024,32768,ba0e8dcb8a97482d,1,1,0,-1,00000000,00000000,0,PASS
38,3,q8_0,C5,3,1024,32768,c6ccb74ecb4b81a0,1,1,0,-1,00000000,00000000,0,PASS
38,3,q8_0,C5,4,1024,32768,220ad1c5643a4a79,1,1,0,-1,00000000,00000000,0,PASS
38,4,q8_0,C5,2,8192,4096,1a8df268f4db51cb,1,1,0,-1,00000000,00000000,0,PASS
38,4,q8_0,C5,3,8192,4096,d4e5dd09e8d7417d,1,1,0,-1,00000000,00000000,0,PASS
38,4,q8_0,C5,4,8192,4096,b43fb1942f829a30,1,1,0,-1,00000000,00000000,0,PASS
38,5,f16,C5,2,16384,24,e62163e620de4c5f,1,1,0,-1,00000000,00000000,0,PASS
38,5,f16,C5,3,16384,24,0ed93efca8defebf,1,1,0,-1,00000000,00000000,0,PASS
38,5,f16,C5,4,16384,24,607217e9505e24d6,1,1,0,-1,00000000,00000000,0,PASS
38,6,f16,C5,2,4096,256,d441a792c311a075,1,1,0,-1,00000000,00000000,0,PASS
38,6,f16,C5,3,4096,256,187f3a75c7d8e850,1,1,0,-1,00000000,00000000,0,PASS
38,6,f16,C5,4,4096,256,12be98e1de039cac,1,1,0,-1,00000000,00000000,0,PASS
39,0,f16,C5,2,16384,24,aca0921dcc556104,1,1,0,-1,00000000,00000000,0,PASS
39,0,f16,C5,3,16384,24,c8f0503b7dae7b2f,1,1,0,-1,00000000,00000000,0,PASS
39,0,f16,C5,4,16384,24,949127a9e1e8a1d9,1,1,0,-1,00000000,00000000,0,PASS
39,1,q8_0,C5,2,4096,1024,a42faff0e4970c67,1,1,0,-1,00000000,00000000,0,PASS
39,1,q8_0,C5,3,4096,1024,d4d5e59939aac25d,1,1,0,-1,00000000,00000000,0,PASS
39,1,q8_0,C5,4,4096,1024,a9108d4ffd0a09a9,1,1,0,-1,00000000,00000000,0,PASS
39,2,q8_0,C5,2,4096,512,a42faff0e4970c67,1,1,0,-1,00000000,00000000,0,PASS
39,2,q8_0,C5,3,4096,512,d4d5e59939aac25d,1,1,0,-1,00000000,00000000,0,PASS
39,2,q8_0,C5,4,4096,512,a9108d4ffd0a09a9,1,1,0,-1,00000000,00000000,0,PASS
39,3,q8_0,C5,2,1024,32768,ccf4a950c39a3389,1,1,0,-1,00000000,00000000,0,PASS
39,3,q8_0,C5,3,1024,32768,89d42e8b3af0e69a,1,1,0,-1,00000000,00000000,0,PASS
39,3,q8_0,C5,4,1024,32768,8c88d3b1ee4b7fca,1,1,0,-1,00000000,00000000,0,PASS
39,4,q8_0,C5,2,8192,4096,32563e6ece5ba9ef,1,1,0,-1,00000000,00000000,0,PASS
39,4,q8_0,C5,3,8192,4096,7bd15a6ceed1dece,1,1,0,-1,00000000,00000000,0,PASS
39,4,q8_0,C5,4,8192,4096,4e3f2979df47c419,1,1,0,-1,00000000,00000000,0,PASS
39,5,f16,C5,2,16384,24,3500595944bb3f63,1,1,0,-1,00000000,00000000,0,PASS
39,5,f16,C5,3,16384,24,c74167ba61e2e69f,1,1,0,-1,00000000,00000000,0,PASS
39,5,f16,C5,4,16384,24,ff241989f0386992,1,1,0,-1,00000000,00000000,0,PASS
39,6,f16,C5,2,4096,256,d725f7241c45e23d,1,1,0,-1,00000000,00000000,0,PASS
39,6,f16,C5,3,4096,256,f2c74c57e892b72c,1,1,0,-1,00000000,00000000,0,PASS
39,6,f16,C5,4,4096,256,76647b1ab3609d64,1,1,0,-1,00000000,00000000,0,PASS
40,0,f16,C5,2,16384,24,94b32068aa427645,1,1,0,-1,00000000,00000000,0,PASS
40,0,f16,C5,3,16384,24,7226f0aaabf227e0,1,1,0,-1,00000000,00000000,0,PASS
40,0,f16,C5,4,16384,24,0f4fe191b5053715,1,1,0,-1,00000000,00000000,0,PASS
40,1,q8_0,C5,2,4096,1024,7b92a3707b2e87ab,1,1,0,-1,00000000,00000000,0,PASS
40,1,q8_0,C5,3,4096,1024,0c261ac08f3e1fb0,1,1,0,-1,00000000,00000000,0,PASS
40,1,q8_0,C5,4,4096,1024,fdbe4a27beb97ba0,1,1,0,-1,00000000,00000000,0,PASS
40,2,q8_0,C5,2,4096,512,7b92a3707b2e87ab,1,1,0,-1,00000000,00000000,0,PASS
40,2,q8_0,C5,3,4096,512,0c261ac08f3e1fb0,1,1,0,-1,00000000,00000000,0,PASS
40,2,q8_0,C5,4,4096,512,fdbe4a27beb97ba0,1,1,0,-1,00000000,00000000,0,PASS
40,3,q8_0,C5,2,1024,32768,627d646b9ac94955,1,1,0,-1,00000000,00000000,0,PASS
40,3,q8_0,C5,3,1024,32768,c68cd5a1a432ce03,1,1,0,-1,00000000,00000000,0,PASS
40,3,q8_0,C5,4,1024,32768,95e7c0ffd4e98476,1,1,0,-1,00000000,00000000,0,PASS
40,4,q8_0,C5,2,8192,4096,3fff02e04ef5e4d7,1,1,0,-1,00000000,00000000,0,PASS
40,4,q8_0,C5,3,8192,4096,efb7e9d8e667b3ea,1,1,0,-1,00000000,00000000,0,PASS
40,4,q8_0,C5,4,8192,4096,42899625c6a2237b,1,1,0,-1,00000000,00000000,0,PASS
40,5,f16,C5,2,16384,24,043a95da543ec4bf,1,1,0,-1,00000000,00000000,0,PASS
40,5,f16,C5,3,16384,24,a2a07be3cdb0b7a2,1,1,0,-1,00000000,00000000,0,PASS
40,5,f16,C5,4,16384,24,8f27335b0f7dc955,1,1,0,-1,00000000,00000000,0,PASS
40,6,f16,C5,2,4096,256,d266ae8f53f7bc22,1,1,0,-1,00000000,00000000,0,PASS
40,6,f16,C5,3,4096,256,023eadc5faf2f3cf,1,1,0,-1,00000000,00000000,0,PASS
40,6,f16,C5,4,4096,256,a94acea421134282,1,1,0,-1,00000000,00000000,0,PASS
41,0,f16,C5,2,16384,24,340e191e1247c79a,1,1,0,-1,00000000,00000000,0,PASS
41,0,f16,C5,3,16384,24,f309a97bfb34b462,1,1,0,-1,00000000,00000000,0,PASS
41,0,f16,C5,4,16384,24,58982e647ac9db71,1,1,0,-1,00000000,00000000,0,PASS
41,1,q8_0,C5,2,4096,1024,0b1ad08550c03853,1,1,0,-1,00000000,00000000,0,PASS
41,1,q8_0,C5,3,4096,1024,10f64ab2e2d1165e,1,1,0,-1,00000000,00000000,0,PASS
41,1,q8_0,C5,4,4096,1024,e162ef381f80cc21,1,1,0,-1,00000000,00000000,0,PASS
41,2,q8_0,C5,2,4096,512,0b1ad08550c03853,1,1,0,-1,00000000,00000000,0,PASS
41,2,q8_0,C5,3,4096,512,10f64ab2e2d1165e,1,1,0,-1,00000000,00000000,0,PASS
41,2,q8_0,C5,4,4096,512,e162ef381f80cc21,1,1,0,-1,00000000,00000000,0,PASS
41,3,q8_0,C5,2,1024,32768,17d26ccf804d4353,1,1,0,-1,00000000,00000000,0,PASS
41,3,q8_0,C5,3,1024,32768,67bc0428285edaa9,1,1,0,-1,00000000,00000000,0,PASS
41,3,q8_0,C5,4,1024,32768,3292d1e22d07d682,1,1,0,-1,00000000,00000000,0,PASS
41,4,q8_0,C5,2,8192,4096,44a19f9a9eac326e,1,1,0,-1,00000000,00000000,0,PASS
41,4,q8_0,C5,3,8192,4096,f19f98e4f096d8d4,1,1,0,-1,00000000,00000000,0,PASS
41,4,q8_0,C5,4,8192,4096,62aaa82f4031e7e0,1,1,0,-1,00000000,00000000,0,PASS
41,5,f16,C5,2,16384,24,40e5300de36b4226,1,1,0,-1,00000000,00000000,0,PASS
41,5,f16,C5,3,16384,24,09197f01240609b3,1,1,0,-1,00000000,00000000,0,PASS
41,5,f16,C5,4,16384,24,5472db754af6665d,1,1,0,-1,00000000,00000000,0,PASS
41,6,f16,C5,2,4096,256,b644e5c24aac43f0,1,1,0,-1,00000000,00000000,0,PASS
41,6,f16,C5,3,4096,256,741fb9d92bc139f0,1,1,0,-1,00000000,00000000,0,PASS
41,6,f16,C5,4,4096,256,d0efa731beba0329,1,1,0,-1,00000000,00000000,0,PASS
42,0,f16,C5,2,16384,24,175749cadf377ecf,1,1,0,-1,00000000,00000000,0,PASS
42,0,f16,C5,3,16384,24,840da740fd982ca1,1,1,0,-1,00000000,00000000,0,PASS
42,0,f16,C5,4,16384,24,3bf55f4fd09b01ba,1,1,0,-1,00000000,00000000,0,PASS
42,1,q8_0,C5,2,4096,1024,9b5ddc7f1166bacd,1,1,0,-1,00000000,00000000,0,PASS
42,1,q8_0,C5,3,4096,1024,a7f04b5888e3e828,1,1,0,-1,00000000,00000000,0,PASS
42,1,q8_0,C5,4,4096,1024,857e03600920ba07,1,1,0,-1,00000000,00000000,0,PASS
42,2,q8_0,C5,2,4096,512,9b5ddc7f1166bacd,1,1,0,-1,00000000,00000000,0,PASS
42,2,q8_0,C5,3,4096,512,a7f04b5888e3e828,1,1,0,-1,00000000,00000000,0,PASS
42,2,q8_0,C5,4,4096,512,857e03600920ba07,1,1,0,-1,00000000,00000000,0,PASS
42,3,q8_0,C5,2,1024,32768,fc095c4892628013,1,1,0,-1,00000000,00000000,0,PASS
42,3,q8_0,C5,3,1024,32768,b5f09cb650d4c058,1,1,0,-1,00000000,00000000,0,PASS
42,3,q8_0,C5,4,1024,32768,e19c5fc245e8770d,1,1,0,-1,00000000,00000000,0,PASS
42,4,q8_0,C5,2,8192,4096,caffc2e4e2029849,1,1,0,-1,00000000,00000000,0,PASS
42,4,q8_0,C5,3,8192,4096,7386720ba1d05c2c,1,1,0,-1,00000000,00000000,0,PASS
42,4,q8_0,C5,4,8192,4096,698b3d1b3aaa4413,1,1,0,-1,00000000,00000000,0,PASS
42,5,f16,C5,2,16384,24,ebdadea34a7c5a58,1,1,0,-1,00000000,00000000,0,PASS
42,5,f16,C5,3,16384,24,9b2d5c585c19206d,1,1,0,-1,00000000,00000000,0,PASS
42,5,f16,C5,4,16384,24,80d52be23ab186a5,1,1,0,-1,00000000,00000000,0,PASS
42,6,f16,C5,2,4096,256,317d2721834fa131,1,1,0,-1,00000000,00000000,0,PASS
42,6,f16,C5,3,4096,256,9580a3966c7fa1c9,1,1,0,-1,00000000,00000000,0,PASS
42,6,f16,C5,4,4096,256,7f03f3d5d4393c09,1,1,0,-1,00000000,00000000,0,PASS
