phase,block,schedule,slot,arm,occurrence,dispatches,status,completed,gpu_start_s,gpu_end_s,gpu_ms,kernel_ms,encode_ms,commit_wait_ms,wall_ms,result
prime,-2,EC,0,E,1,344,4,1,427078.338677875,427078.367503750,28.825875,1.149583,0.579000,30.547000,31.126000,PASS
prime,-1,EC,1,C,1,344,4,1,427078.368846250,427078.384619750,15.773500,0.698042,0.395000,16.679000,17.074000,PASS
warmup,0,ECCE,0,E,1,344,4,1,427078.388263500,427078.408174500,19.911000,0.073167,0.308000,20.452000,20.760000,PASS
warmup,0,ECCE,1,C,1,344,4,1,427078.408766250,427078.424552875,15.786625,0.107750,0.299000,16.082000,16.381000,PASS
warmup,0,ECCE,2,C,2,344,4,1,427078.425253292,427078.441221917,15.968625,0.172708,0.323000,16.350000,16.673000,PASS
warmup,0,ECCE,3,E,2,344,4,1,427078.441953375,427078.461122792,19.169417,0.121875,0.377000,19.497000,19.874000,PASS
warmup,1,CEEC,0,C,1,344,4,1,427078.461791875,427078.477743375,15.951500,0.114250,0.337000,16.255000,16.592000,PASS
warmup,1,CEEC,1,E,1,344,4,1,427078.478493750,427078.497597417,19.103667,0.118875,0.425000,19.423000,19.848000,PASS
warmup,1,CEEC,2,E,2,344,4,1,427078.498403875,427078.517806625,19.402750,0.173375,0.425000,19.773000,20.198000,PASS
warmup,1,CEEC,3,C,2,344,4,1,427078.518406417,427078.534111125,15.704708,0.105750,0.274000,15.995000,16.269000,PASS
warmup,2,ECCE,0,E,1,344,4,1,427078.534709042,427078.554073000,19.363958,0.111250,0.302000,19.645000,19.947000,PASS
warmup,2,ECCE,1,C,1,344,4,1,427078.554682042,427078.570401750,15.719708,0.120125,0.291000,16.032000,16.323000,PASS
warmup,2,ECCE,2,C,2,344,4,1,427078.571009375,427078.586926542,15.917167,0.141708,0.268000,16.240000,16.508000,PASS
warmup,2,ECCE,3,E,2,344,4,1,427078.587505667,427078.606752875,19.247208,0.099042,0.284000,19.496000,19.780000,PASS
warmup,3,CEEC,0,C,1,344,4,1,427078.607216875,427078.623152375,15.935500,0.099000,0.213000,16.211000,16.424000,PASS
warmup,3,CEEC,1,E,1,344,4,1,427078.623739375,427078.642879875,19.140500,0.101083,0.286000,19.480000,19.766000,PASS
warmup,3,CEEC,2,E,2,344,4,1,427078.643540875,427078.662887167,19.346292,0.140458,0.264000,19.672000,19.936000,PASS
warmup,3,CEEC,3,C,2,344,4,1,427078.663452292,427078.679147875,15.695583,0.102750,0.261000,16.003000,16.264000,PASS
measure,0,ECCE,0,E,1,344,4,1,427078.750519250,427078.770009667,19.490417,0.078625,0.280000,20.553000,20.833000,PASS
measure,0,ECCE,1,C,1,344,4,1,427078.770630167,427078.786590000,15.959833,0.107792,0.277000,16.255000,16.532000,PASS
measure,0,ECCE,2,C,2,344,4,1,427078.787184542,427078.802970875,15.786333,0.125125,0.253000,16.130000,16.383000,PASS
measure,0,ECCE,3,E,2,344,4,1,427078.803556875,427078.823074250,19.517375,0.069750,0.267000,19.775000,20.042000,PASS
measure,1,CEEC,0,C,1,344,4,1,427078.823649375,427078.839410250,15.760875,0.105750,0.259000,16.065000,16.324000,PASS
measure,1,CEEC,1,E,1,344,4,1,427078.840012625,427078.859477500,19.464875,0.109583,0.281000,19.743000,20.024000,PASS
measure,1,CEEC,2,E,2,344,4,1,427078.860100625,427078.879320917,19.220292,0.147125,0.277000,19.533000,19.810000,PASS
measure,1,CEEC,3,C,2,344,4,1,427078.879857875,427078.895686792,15.828917,0.099750,0.251000,16.107000,16.358000,PASS
measure,2,ECCE,0,E,1,344,4,1,427078.896259000,427078.915620875,19.361875,0.104875,0.275000,19.626000,19.901000,PASS
measure,2,ECCE,1,C,1,344,4,1,427078.916137500,427078.931862000,15.724500,0.099125,0.245000,15.996000,16.241000,PASS
measure,2,ECCE,2,C,2,344,4,1,427078.932459375,427078.948282292,15.822917,0.138500,0.238000,16.143000,16.381000,PASS
measure,2,ECCE,3,E,2,344,4,1,427078.948884167,427078.968185750,19.301583,0.102500,0.281000,19.626000,19.907000,PASS
measure,3,CEEC,0,C,1,344,4,1,427078.968789292,427078.984621292,15.832000,0.119292,0.283000,16.116000,16.399000,PASS
measure,3,CEEC,1,E,1,344,4,1,427078.985124042,427079.004303750,19.179708,0.107000,0.282000,19.391000,19.673000,PASS
measure,3,CEEC,2,E,2,344,4,1,427079.004921042,427079.024338292,19.417250,0.149875,0.298000,19.752000,20.050000,PASS
measure,3,CEEC,3,C,2,344,4,1,427079.024919125,427079.040665167,15.746042,0.099458,0.287000,16.043000,16.330000,PASS
measure,4,ECCE,0,E,1,344,4,1,427079.041266125,427079.060740375,19.474250,0.094083,0.300000,19.739000,20.039000,PASS
measure,4,ECCE,1,C,1,344,4,1,427079.061314750,427079.077054042,15.739292,0.101792,0.264000,16.031000,16.295000,PASS
measure,4,ECCE,2,C,2,344,4,1,427079.077665167,427079.093603750,15.938583,0.141917,0.272000,16.255000,16.527000,PASS
measure,4,ECCE,3,E,2,344,4,1,427079.094185125,427079.113348792,19.163667,0.096875,0.301000,19.438000,19.739000,PASS
measure,5,CEEC,0,C,1,344,4,1,427079.113917625,427079.129883375,15.965750,0.099625,0.271000,16.252000,16.523000,PASS
measure,5,CEEC,1,E,1,344,4,1,427079.130474292,427079.149629167,19.154875,0.101625,0.301000,19.439000,19.740000,PASS
measure,5,CEEC,2,E,2,344,4,1,427079.150262542,427079.169706167,19.443625,0.137250,0.301000,19.762000,20.063000,PASS
measure,5,CEEC,3,C,2,344,4,1,427079.170261125,427079.186004500,15.743375,0.098042,0.272000,16.017000,16.289000,PASS
measure,6,ECCE,0,E,1,344,4,1,427079.186630125,427079.206054292,19.424167,0.102542,0.301000,19.735000,20.036000,PASS
measure,6,ECCE,1,C,1,344,4,1,427079.206613167,427079.222350500,15.737333,0.098375,0.269000,16.016000,16.285000,PASS
measure,6,ECCE,2,C,2,344,4,1,427079.222960375,427079.238941125,15.980750,0.138500,0.269000,16.294000,16.563000,PASS
measure,6,ECCE,3,E,2,344,4,1,427079.239524000,427079.258693917,19.169917,0.100500,0.299000,19.449000,19.748000,PASS
measure,7,CEEC,0,C,1,344,4,1,427079.259242125,427079.275170375,15.928250,0.086042,0.271000,16.199000,16.470000,PASS
measure,7,CEEC,1,E,1,344,4,1,427079.275763375,427079.294894875,19.131500,0.099417,0.295000,19.390000,19.685000,PASS
measure,7,CEEC,2,E,2,344,4,1,427079.295441250,427079.314771417,19.330167,0.139417,0.251000,19.646000,19.897000,PASS
measure,7,CEEC,3,C,2,344,4,1,427079.315325542,427079.331099875,15.774333,0.097750,0.264000,16.058000,16.322000,PASS
measure,8,ECCE,0,E,1,344,4,1,427079.331686042,427079.351127125,19.441083,0.100375,0.275000,19.734000,20.009000,PASS
measure,8,ECCE,1,C,1,344,4,1,427079.351677000,427079.367478500,15.801500,0.091875,0.266000,16.076000,16.342000,PASS
measure,8,ECCE,2,C,2,344,4,1,427079.368063750,427079.383918375,15.854625,0.125792,0.268000,16.155000,16.423000,PASS
measure,8,ECCE,3,E,2,344,4,1,427079.384507000,427079.403767542,19.260542,0.102750,0.295000,19.529000,19.824000,PASS
measure,9,CEEC,0,C,1,344,4,1,427079.404339125,427079.420157167,15.818042,0.100750,0.263000,16.126000,16.389000,PASS
measure,9,CEEC,1,E,1,344,4,1,427079.420753000,427079.440138542,19.385542,0.100792,0.302000,19.662000,19.964000,PASS
measure,9,CEEC,2,E,2,344,4,1,427079.440757125,427079.459903000,19.145875,0.136167,0.297000,19.472000,19.769000,PASS
measure,9,CEEC,3,C,2,344,4,1,427079.460462250,427079.476443625,15.981375,0.099833,0.264000,16.273000,16.537000,PASS
measure,10,ECCE,0,E,1,344,4,1,427079.477037875,427079.496210500,19.172625,0.084000,0.305000,19.446000,19.751000,PASS
measure,10,ECCE,1,C,1,344,4,1,427079.496787250,427079.512735875,15.948625,0.099125,0.267000,16.235000,16.502000,PASS
measure,10,ECCE,2,C,2,344,4,1,427079.513329750,427079.529054292,15.724542,0.136542,0.267000,16.042000,16.309000,PASS
measure,10,ECCE,3,E,2,344,4,1,427079.529655875,427079.549093125,19.437250,0.104500,0.300000,19.724000,20.024000,PASS
measure,11,CEEC,0,C,1,344,4,1,427079.549656417,427079.565391625,15.735208,0.101833,0.267000,16.002000,16.269000,PASS
measure,11,CEEC,1,E,1,344,4,1,427079.565911917,427079.585292750,19.380833,0.102875,0.247000,19.637000,19.884000,PASS
measure,11,CEEC,2,E,2,344,4,1,427079.585854125,427079.605058250,19.204125,0.137000,0.265000,19.531000,19.796000,PASS
measure,11,CEEC,3,C,2,344,4,1,427079.605641542,427079.621617292,15.975750,0.087833,0.268000,16.276000,16.544000,PASS
measure,12,ECCE,0,E,1,344,4,1,427079.622208042,427079.641353125,19.145083,0.099500,0.297000,19.433000,19.730000,PASS
measure,12,ECCE,1,C,1,344,4,1,427079.641912500,427079.657872500,15.960000,0.100833,0.268000,16.232000,16.500000,PASS
measure,12,ECCE,2,C,2,344,4,1,427079.658465250,427079.674202125,15.736875,0.137458,0.269000,16.056000,16.325000,PASS
measure,12,ECCE,3,E,2,344,4,1,427079.674787542,427079.694182250,19.394708,0.089458,0.301000,19.657000,19.958000,PASS
measure,13,CEEC,0,C,1,344,4,1,427079.694736000,427079.710465167,15.729167,0.098500,0.262000,16.008000,16.270000,PASS
measure,13,CEEC,1,E,1,344,4,1,427079.711059250,427079.730477500,19.418250,0.097833,0.298000,19.696000,19.994000,PASS
measure,13,CEEC,2,E,2,344,4,1,427079.731106625,427079.750278000,19.171375,0.137000,0.300000,19.492000,19.792000,PASS
measure,13,CEEC,3,C,2,344,4,1,427079.750811625,427079.766674250,15.862625,0.093042,0.265000,16.092000,16.357000,PASS
measure,14,ECCE,0,E,1,344,4,1,427079.767179625,427079.786483792,19.304167,0.101083,0.249000,19.570000,19.819000,PASS
measure,14,ECCE,1,C,1,344,4,1,427079.787028042,427079.802875042,15.847000,0.099917,0.268000,16.120000,16.388000,PASS
measure,14,ECCE,2,C,2,344,4,1,427079.803462250,427079.819203917,15.741667,0.136667,0.269000,16.103000,16.372000,PASS
measure,14,ECCE,3,E,2,344,4,1,427079.819812250,427079.839149750,19.337500,0.099500,0.275000,19.616000,19.891000,PASS
measure,15,CEEC,0,C,1,344,4,1,427079.839719667,427079.855416125,15.696458,0.103333,0.266000,15.968000,16.234000,PASS
measure,15,CEEC,1,E,1,344,4,1,427079.855867500,427079.875283500,19.416000,0.096292,0.246000,19.641000,19.887000,PASS
measure,15,CEEC,2,E,2,344,4,1,427079.875961292,427079.895290750,19.329458,0.145000,0.304000,19.660000,19.964000,PASS
measure,15,CEEC,3,C,2,344,4,1,427079.895839500,427079.911535375,15.695875,0.096333,0.273000,15.980000,16.253000,PASS
measure,16,ECCE,0,E,1,344,4,1,427079.912159500,427079.931539917,19.380417,0.103000,0.292000,19.692000,19.984000,PASS
measure,16,ECCE,1,C,1,344,4,1,427079.932091542,427079.947904875,15.813333,0.102375,0.263000,16.097000,16.360000,PASS
measure,16,ECCE,2,C,2,344,4,1,427079.948503917,427079.964471750,15.967833,0.138000,0.262000,16.282000,16.544000,PASS
measure,16,ECCE,3,E,2,344,4,1,427079.965063500,427079.984245750,19.182250,0.101875,0.300000,19.462000,19.762000,PASS
measure,17,CEEC,0,C,1,344,4,1,427079.984808792,427080.000754750,15.945958,0.101292,0.244000,16.260000,16.504000,PASS
measure,17,CEEC,1,E,1,344,4,1,427080.001356125,427080.020467167,19.111042,0.108375,0.297000,19.419000,19.716000,PASS
measure,17,CEEC,2,E,2,344,4,1,427080.021105375,427080.040450542,19.345167,0.139333,0.285000,19.678000,19.963000,PASS
measure,17,CEEC,3,C,2,344,4,1,427080.041011125,427080.056719125,15.708000,0.099333,0.256000,16.010000,16.266000,PASS
measure,18,ECCE,0,E,1,344,4,1,427080.057311750,427080.076635625,19.323875,0.100375,0.284000,19.604000,19.888000,PASS
measure,18,ECCE,1,C,1,344,4,1,427080.077183417,427080.092875750,15.692333,0.100250,0.263000,15.981000,16.244000,PASS
measure,18,ECCE,2,C,2,344,4,1,427080.093477250,427080.109419375,15.942125,0.139958,0.261000,16.263000,16.524000,PASS
measure,18,ECCE,3,E,2,344,4,1,427080.110011250,427080.129140375,19.129125,0.104792,0.289000,19.404000,19.693000,PASS
measure,19,CEEC,0,C,1,344,4,1,427080.129624750,427080.145583542,15.958792,0.100125,0.216000,16.208000,16.424000,PASS
measure,19,CEEC,1,E,1,344,4,1,427080.146106625,427080.165340917,19.234292,0.101125,0.260000,19.530000,19.790000,PASS
measure,19,CEEC,2,E,2,344,4,1,427080.165961625,427080.185430500,19.468875,0.130750,0.294000,19.772000,20.066000,PASS
measure,19,CEEC,3,C,2,344,4,1,427080.185972667,427080.201687500,15.714833,0.099750,0.257000,15.993000,16.250000,PASS
measure,20,ECCE,0,E,1,344,4,1,427080.202267667,427080.221674750,19.407083,0.101500,0.289000,19.684000,19.973000,PASS
measure,20,ECCE,1,C,1,344,4,1,427080.222216917,427080.237941625,15.724708,0.098875,0.258000,15.983000,16.241000,PASS
measure,20,ECCE,2,C,2,344,4,1,427080.238459500,427080.254389250,15.929750,0.140000,0.213000,16.240000,16.453000,PASS
measure,20,ECCE,3,E,2,344,4,1,427080.254965125,427080.274122542,19.157417,0.100750,0.290000,19.437000,19.727000,PASS
measure,21,CEEC,0,C,1,344,4,1,427080.274668250,427080.290589542,15.921292,0.099750,0.261000,16.195000,16.456000,PASS
measure,21,CEEC,1,E,1,344,4,1,427080.291140250,427080.310410000,19.269750,0.101167,0.265000,19.543000,19.808000,PASS
measure,21,CEEC,2,E,2,344,4,1,427080.311012500,427080.330283250,19.270750,0.137417,0.284000,19.579000,19.863000,PASS
measure,21,CEEC,3,C,2,344,4,1,427080.330820000,427080.346797125,15.977125,0.102875,0.245000,16.231000,16.476000,PASS
measure,22,ECCE,0,E,1,344,4,1,427080.347358750,427080.366578875,19.220125,0.093125,0.283000,19.496000,19.779000,PASS
measure,22,ECCE,1,C,1,344,4,1,427080.367104292,427080.383084292,15.980000,0.091375,0.234000,16.245000,16.479000,PASS
measure,22,ECCE,2,C,2,344,4,1,427080.383519292,427080.399306750,15.787458,0.043917,0.238000,15.985000,16.223000,PASS
measure,22,ECCE,3,E,2,344,4,1,427080.399836000,427080.419450000,19.614000,0.058667,0.276000,19.892000,20.168000,PASS
measure,23,CEEC,0,C,1,344,4,1,427080.419965167,427080.435694542,15.729375,0.049750,0.241000,15.952000,16.193000,PASS
measure,23,CEEC,1,E,1,344,4,1,427080.436207250,427080.455621500,19.414250,0.045208,0.282000,19.623000,19.905000,PASS
measure,23,CEEC,2,E,2,344,4,1,427080.456161500,427080.475331250,19.169750,0.035500,0.294000,19.377000,19.671000,PASS
measure,23,CEEC,3,C,2,344,4,1,427080.475775875,427080.491751042,15.975167,0.035958,0.244000,16.158000,16.402000,PASS
measure,24,ECCE,0,E,1,344,4,1,427080.492211375,427080.511361250,19.149875,0.025458,0.261000,19.339000,19.600000,PASS
measure,24,ECCE,1,C,1,344,4,1,427080.511810625,427080.527749125,15.938500,0.027667,0.256000,16.124000,16.380000,PASS
measure,24,ECCE,2,C,2,344,4,1,427080.528303667,427080.544044167,15.740500,0.121333,0.236000,16.061000,16.297000,PASS
measure,24,ECCE,3,E,2,344,4,1,427080.544627667,427080.564032167,19.404500,0.090292,0.284000,19.675000,19.959000,PASS
measure,25,CEEC,0,C,1,344,4,1,427080.564576875,427080.580305875,15.729000,0.098542,0.256000,16.014000,16.270000,PASS
measure,25,CEEC,1,E,1,344,4,1,427080.580906250,427080.600337875,19.431625,0.101833,0.283000,19.729000,20.012000,PASS
measure,25,CEEC,2,E,2,344,4,1,427080.600956250,427080.620121250,19.165000,0.137125,0.286000,19.494000,19.780000,PASS
measure,25,CEEC,3,C,2,344,4,1,427080.620675625,427080.636615292,15.939667,0.101583,0.258000,16.220000,16.478000,PASS
measure,26,ECCE,0,E,1,344,4,1,427080.637190000,427080.656301250,19.111250,0.102708,0.284000,19.395000,19.679000,PASS
measure,26,ECCE,1,C,1,344,4,1,427080.656855875,427080.672747250,15.891375,0.099875,0.257000,16.175000,16.432000,PASS
measure,26,ECCE,2,C,2,344,4,1,427080.673356625,427080.689124042,15.767417,0.139500,0.257000,16.125000,16.382000,PASS
measure,26,ECCE,3,E,2,344,4,1,427080.689677250,427080.709262375,19.585125,0.069167,0.289000,19.803000,20.092000,PASS
measure,27,CEEC,0,C,1,344,4,1,427080.709737042,427080.725547250,15.810208,0.087750,0.215000,16.049000,16.264000,PASS
measure,27,CEEC,1,E,1,344,4,1,427080.726038750,427080.745482417,19.443667,0.094750,0.243000,19.715000,19.958000,PASS
measure,27,CEEC,2,E,2,344,4,1,427080.746057000,427080.765346792,19.289792,0.130917,0.261000,19.584000,19.845000,PASS
measure,27,CEEC,3,C,2,344,4,1,427080.765878375,427080.781613000,15.734625,0.094875,0.258000,16.006000,16.264000,PASS
measure,28,ECCE,0,E,1,344,4,1,427080.782221875,427080.801619500,19.397625,0.101500,0.288000,19.700000,19.988000,PASS
measure,28,ECCE,1,C,1,344,4,1,427080.802158625,427080.817882750,15.724125,0.097750,0.258000,16.008000,16.266000,PASS
measure,28,ECCE,2,C,2,344,4,1,427080.818467375,427080.834299125,15.831750,0.137833,0.255000,16.131000,16.386000,PASS
measure,28,ECCE,3,E,2,344,4,1,427080.834803250,427080.853993917,19.190667,0.100958,0.289000,19.454000,19.743000,PASS
measure,29,CEEC,0,C,1,344,4,1,427080.854560875,427080.870528875,15.968000,0.101208,0.236000,16.230000,16.466000,PASS
measure,29,CEEC,1,E,1,344,4,1,427080.871089750,427080.890274000,19.184250,0.106375,0.274000,19.491000,19.765000,PASS
measure,29,CEEC,2,E,2,344,4,1,427080.890926667,427080.910319750,19.393083,0.146333,0.287000,19.722000,20.009000,PASS
measure,29,CEEC,3,C,2,344,4,1,427080.910867250,427080.926583375,15.716125,0.098375,0.259000,15.997000,16.256000,PASS
measure,30,ECCE,0,E,1,344,4,1,427080.927162542,427080.946557125,19.394583,0.102375,0.282000,19.678000,19.960000,PASS
measure,30,ECCE,1,C,1,344,4,1,427080.947107417,427080.962927292,15.819875,0.101667,0.251000,16.113000,16.364000,PASS
measure,30,ECCE,2,C,2,344,4,1,427080.963515875,427080.979444875,15.929000,0.129500,0.238000,16.239000,16.477000,PASS
measure,30,ECCE,3,E,2,344,4,1,427080.980015917,427080.999237500,19.221583,0.100917,0.281000,19.512000,19.793000,PASS
measure,31,CEEC,0,C,1,344,4,1,427080.999816792,427081.015783500,15.966708,0.105667,0.268000,16.247000,16.515000,PASS
measure,31,CEEC,1,E,1,344,4,1,427081.016371875,427081.035538500,19.166625,0.107375,0.290000,19.459000,19.749000,PASS
measure,31,CEEC,2,E,2,344,4,1,427081.036154875,427081.055558750,19.403875,0.136875,0.280000,19.724000,20.004000,PASS
measure,31,CEEC,3,C,2,344,4,1,427081.056111042,427081.071846125,15.735083,0.102917,0.252000,16.019000,16.271000,PASS
measure,32,ECCE,0,E,1,344,4,1,427081.072413875,427081.091839667,19.425792,0.098500,0.291000,19.697000,19.988000,PASS
measure,32,ECCE,1,C,1,344,4,1,427081.092378375,427081.108103750,15.725375,0.098750,0.253000,16.011000,16.264000,PASS
measure,32,ECCE,2,C,2,344,4,1,427081.108692917,427081.124616625,15.923708,0.137667,0.252000,16.241000,16.493000,PASS
measure,32,ECCE,3,E,2,344,4,1,427081.125189750,427081.144356417,19.166667,0.102417,0.284000,19.428000,19.712000,PASS
measure,33,CEEC,0,C,1,344,4,1,427081.144852625,427081.160799792,15.947167,0.098667,0.218000,16.233000,16.451000,PASS
measure,33,CEEC,1,E,1,344,4,1,427081.161370750,427081.180512042,19.141292,0.102208,0.282000,19.425000,19.707000,PASS
measure,33,CEEC,2,E,2,344,4,1,427081.181165292,427081.200445250,19.279958,0.145125,0.286000,19.636000,19.922000,PASS
measure,33,CEEC,3,C,2,344,4,1,427081.201002292,427081.216989167,15.986875,0.104000,0.252000,16.235000,16.487000,PASS
measure,34,ECCE,0,E,1,344,4,1,427081.217473125,427081.236845167,19.372042,0.076500,0.266000,19.627000,19.893000,PASS
measure,34,ECCE,1,C,1,344,4,1,427081.237413250,427081.253116292,15.703042,0.103875,0.254000,16.009000,16.263000,PASS
measure,34,ECCE,2,C,2,344,4,1,427081.253712750,427081.269646375,15.933625,0.139167,0.257000,16.257000,16.514000,PASS
measure,34,ECCE,3,E,2,344,4,1,427081.270226875,427081.289464542,19.237667,0.101083,0.283000,19.489000,19.772000,PASS
measure,35,CEEC,0,C,1,344,4,1,427081.289953250,427081.305850750,15.897500,0.101958,0.221000,16.168000,16.389000,PASS
measure,35,CEEC,1,E,1,344,4,1,427081.306373292,427081.325489167,19.115875,0.104333,0.244000,19.416000,19.660000,PASS
measure,35,CEEC,2,E,2,344,4,1,427081.326083625,427081.345429375,19.345750,0.139500,0.262000,19.666000,19.928000,PASS
measure,35,CEEC,3,C,2,344,4,1,427081.346011000,427081.361836542,15.825542,0.112583,0.254000,16.126000,16.380000,PASS
measure,36,ECCE,0,E,1,344,4,1,427081.362411875,427081.381558500,19.146625,0.104625,0.285000,19.444000,19.729000,PASS
measure,36,ECCE,1,C,1,344,4,1,427081.382112917,427081.398015250,15.902333,0.100000,0.255000,16.177000,16.432000,PASS
measure,36,ECCE,2,C,2,344,4,1,427081.398612000,427081.414313292,15.701292,0.139917,0.234000,16.118000,16.352000,PASS
measure,36,ECCE,3,E,2,344,4,1,427081.414923667,427081.434292625,19.368958,0.097667,0.264000,19.640000,19.904000,PASS
measure,37,CEEC,0,C,1,344,4,1,427081.434831375,427081.450528625,15.697250,0.099542,0.257000,15.982000,16.239000,PASS
measure,37,CEEC,1,E,1,344,4,1,427081.451112125,427081.470482875,19.370750,0.101167,0.284000,19.653000,19.937000,PASS
measure,37,CEEC,2,E,2,344,4,1,427081.471105250,427081.490379375,19.274125,0.141208,0.284000,19.613000,19.897000,PASS
measure,37,CEEC,3,C,2,344,4,1,427081.490942417,427081.506945625,16.003208,0.096167,0.260000,16.279000,16.539000,PASS
measure,38,ECCE,0,E,1,344,4,1,427081.507509875,427081.526787417,19.277542,0.086000,0.284000,19.558000,19.842000,PASS
measure,38,ECCE,1,C,1,344,4,1,427081.527351167,427081.543287875,15.936708,0.099083,0.253000,16.225000,16.478000,PASS
measure,38,ECCE,2,C,2,344,4,1,427081.543867500,427081.559612792,15.745292,0.134625,0.252000,16.043000,16.295000,PASS
measure,38,ECCE,3,E,2,344,4,1,427081.560117250,427081.579484542,19.367292,0.102042,0.237000,19.621000,19.858000,PASS
measure,39,CEEC,0,C,1,344,4,1,427081.579959750,427081.595671875,15.712125,0.100542,0.211000,15.998000,16.209000,PASS
measure,39,CEEC,1,E,1,344,4,1,427081.596260875,427081.615656417,19.395542,0.103750,0.279000,19.678000,19.957000,PASS
measure,39,CEEC,2,E,2,344,4,1,427081.616265250,427081.635420292,19.155042,0.138000,0.283000,19.455000,19.738000,PASS
measure,39,CEEC,3,C,2,344,4,1,427081.635891625,427081.651826042,15.934417,0.097250,0.211000,16.205000,16.416000,PASS
replay,40,EC,0,E,1,344,4,1,427081.722170750,427081.741607625,19.436875,0.056125,0.249000,19.991000,20.240000,PASS
replay,40,EC,1,C,1,344,4,1,427081.742103500,427081.758103042,15.999542,0.095250,0.208000,16.300000,16.508000,PASS
