layer,site,format,k,n,weight_offset,weight_bytes,e_api,c_api,c_grid_x,c_threads_x,c_threads_y,common_a_offset,common_a_bytes
0,0,f16,16384,24,79129609376,786432,matmul_f16,exact_smallm,12,32,8,0,0
0,1,q8_0,4096,1024,79060632640,4456448,matmul_q8_0,exact_smallm,512,32,4,0,0
0,2,q8_0,4096,512,78987101248,2228224,matmul_q8_0,exact_smallm,256,32,4,0,0
0,3,q8_0,1024,32768,79065089088,35651584,matmul_q8_0,exact_smallm,16384,32,4,0,0
0,4,q8_0,8192,4096,79024981056,35651584,combined_low_ext_b,shared_low_exact_b,2048,32,4,78989329472,35651584
0,5,f16,16384,24,79130395936,786432,matmul_f16,exact_smallm,12,32,8,0,0
0,6,f16,4096,256,79100757056,2097152,matmul_f16,exact_smallm,128,32,8,0,0
1,0,f16,16384,24,79273696928,786432,matmul_f16,exact_smallm,12,32,8,0,0
1,1,q8_0,4096,1024,79204720192,4456448,matmul_q8_0,exact_smallm,512,32,4,0,0
1,2,q8_0,4096,512,79131188800,2228224,matmul_q8_0,exact_smallm,256,32,4,0,0
1,3,q8_0,1024,32768,79209176640,35651584,matmul_q8_0,exact_smallm,16384,32,4,0,0
1,4,q8_0,8192,4096,79169068608,35651584,combined_low_ext_b,shared_low_exact_b,2048,32,4,79133417024,35651584
1,5,f16,16384,24,79274483488,786432,matmul_f16,exact_smallm,12,32,8,0,0
1,6,f16,4096,256,79244844608,2097152,matmul_f16,exact_smallm,128,32,8,0,0
2,0,f16,16384,24,79456070304,786432,matmul_f16,exact_smallm,12,32,8,0,0
2,1,q8_0,4096,1024,79387093568,4456448,matmul_q8_0,exact_smallm,512,32,4,0,0
2,2,q8_0,4096,512,79313562176,2228224,matmul_q8_0,exact_smallm,256,32,4,0,0
2,3,q8_0,1024,32768,79391550016,35651584,matmul_q8_0,exact_smallm,16384,32,4,0,0
2,4,q8_0,8192,4096,79351441984,35651584,combined_low_ext_b,shared_low_exact_b,2048,32,4,79315790400,35651584
2,5,f16,16384,24,79456856864,786432,matmul_f16,exact_smallm,12,32,8,0,0
2,6,f16,4096,256,79427217984,2097152,matmul_f16,exact_smallm,128,32,8,0,0
3,0,f16,16384,24,79608680608,786432,matmul_f16,exact_smallm,12,32,8,0,0
3,1,q8_0,4096,1024,79539702848,4456448,matmul_q8_0,exact_smallm,512,32,4,0,0
3,2,q8_0,4096,512,79466171456,2228224,matmul_q8_0,exact_smallm,256,32,4,0,0
3,3,q8_0,1024,32768,79544159296,35651584,matmul_q8_0,exact_smallm,16384,32,4,0,0
3,4,q8_0,8192,4096,79504051264,35651584,combined_low_ext_b,shared_low_exact_b,2048,32,4,79468399680,35651584
3,5,f16,16384,24,79609467168,786432,matmul_f16,exact_smallm,12,32,8,0,0
3,6,f16,4096,256,79579828288,2097152,matmul_f16,exact_smallm,128,32,8,0,0
4,0,f16,16384,24,79791055008,786432,matmul_f16,exact_smallm,12,32,8,0,0
4,1,q8_0,4096,1024,79722077248,4456448,matmul_q8_0,exact_smallm,512,32,4,0,0
4,2,q8_0,4096,512,79648545856,2228224,matmul_q8_0,exact_smallm,256,32,4,0,0
4,3,q8_0,1024,32768,79726533696,35651584,matmul_q8_0,exact_smallm,16384,32,4,0,0
4,4,q8_0,8192,4096,79686425664,35651584,combined_low_ext_b,shared_low_exact_b,2048,32,4,79650774080,35651584
4,5,f16,16384,24,79791841568,786432,matmul_f16,exact_smallm,12,32,8,0,0
4,6,f16,4096,256,79762202688,2097152,matmul_f16,exact_smallm,128,32,8,0,0
5,0,f16,16384,24,79943665312,786432,matmul_f16,exact_smallm,12,32,8,0,0
5,1,q8_0,4096,1024,79874687552,4456448,matmul_q8_0,exact_smallm,512,32,4,0,0
5,2,q8_0,4096,512,79801156160,2228224,matmul_q8_0,exact_smallm,256,32,4,0,0
5,3,q8_0,1024,32768,79879144000,35651584,matmul_q8_0,exact_smallm,16384,32,4,0,0
5,4,q8_0,8192,4096,79839035968,35651584,combined_low_ext_b,shared_low_exact_b,2048,32,4,79803384384,35651584
5,5,f16,16384,24,79944451872,786432,matmul_f16,exact_smallm,12,32,8,0,0
5,6,f16,4096,256,79914812992,2097152,matmul_f16,exact_smallm,128,32,8,0,0
6,0,f16,16384,24,80126039712,786432,matmul_f16,exact_smallm,12,32,8,0,0
6,1,q8_0,4096,1024,80057061952,4456448,matmul_q8_0,exact_smallm,512,32,4,0,0
6,2,q8_0,4096,512,79983530560,2228224,matmul_q8_0,exact_smallm,256,32,4,0,0
6,3,q8_0,1024,32768,80061518400,35651584,matmul_q8_0,exact_smallm,16384,32,4,0,0
6,4,q8_0,8192,4096,80021410368,35651584,combined_low_ext_b,shared_low_exact_b,2048,32,4,79985758784,35651584
6,5,f16,16384,24,80126826272,786432,matmul_f16,exact_smallm,12,32,8,0,0
6,6,f16,4096,256,80097187392,2097152,matmul_f16,exact_smallm,128,32,8,0,0
7,0,f16,16384,24,80278650016,786432,matmul_f16,exact_smallm,12,32,8,0,0
7,1,q8_0,4096,1024,80209672256,4456448,matmul_q8_0,exact_smallm,512,32,4,0,0
7,2,q8_0,4096,512,80136140864,2228224,matmul_q8_0,exact_smallm,256,32,4,0,0
7,3,q8_0,1024,32768,80214128704,35651584,matmul_q8_0,exact_smallm,16384,32,4,0,0
7,4,q8_0,8192,4096,80174020672,35651584,combined_low_ext_b,shared_low_exact_b,2048,32,4,80138369088,35651584
7,5,f16,16384,24,80279436576,786432,matmul_f16,exact_smallm,12,32,8,0,0
7,6,f16,4096,256,80249797696,2097152,matmul_f16,exact_smallm,128,32,8,0,0
8,0,f16,16384,24,80461024416,786432,matmul_f16,exact_smallm,12,32,8,0,0
8,1,q8_0,4096,1024,80392046656,4456448,matmul_q8_0,exact_smallm,512,32,4,0,0
8,2,q8_0,4096,512,80318515264,2228224,matmul_q8_0,exact_smallm,256,32,4,0,0
8,3,q8_0,1024,32768,80396503104,35651584,matmul_q8_0,exact_smallm,16384,32,4,0,0
8,4,q8_0,8192,4096,80356395072,35651584,combined_low_ext_b,shared_low_exact_b,2048,32,4,80320743488,35651584
8,5,f16,16384,24,80461810976,786432,matmul_f16,exact_smallm,12,32,8,0,0
8,6,f16,4096,256,80432172096,2097152,matmul_f16,exact_smallm,128,32,8,0,0
9,0,f16,16384,24,80613634720,786432,matmul_f16,exact_smallm,12,32,8,0,0
9,1,q8_0,4096,1024,80544656960,4456448,matmul_q8_0,exact_smallm,512,32,4,0,0
9,2,q8_0,4096,512,80471125568,2228224,matmul_q8_0,exact_smallm,256,32,4,0,0
9,3,q8_0,1024,32768,80549113408,35651584,matmul_q8_0,exact_smallm,16384,32,4,0,0
9,4,q8_0,8192,4096,80509005376,35651584,combined_low_ext_b,shared_low_exact_b,2048,32,4,80473353792,35651584
9,5,f16,16384,24,80614421280,786432,matmul_f16,exact_smallm,12,32,8,0,0
9,6,f16,4096,256,80584782400,2097152,matmul_f16,exact_smallm,128,32,8,0,0
10,0,f16,16384,24,80796009120,786432,matmul_f16,exact_smallm,12,32,8,0,0
10,1,q8_0,4096,1024,80727031360,4456448,matmul_q8_0,exact_smallm,512,32,4,0,0
10,2,q8_0,4096,512,80653499968,2228224,matmul_q8_0,exact_smallm,256,32,4,0,0
10,3,q8_0,1024,32768,80731487808,35651584,matmul_q8_0,exact_smallm,16384,32,4,0,0
10,4,q8_0,8192,4096,80691379776,35651584,combined_low_ext_b,shared_low_exact_b,2048,32,4,80655728192,35651584
10,5,f16,16384,24,80796795680,786432,matmul_f16,exact_smallm,12,32,8,0,0
10,6,f16,4096,256,80767156800,2097152,matmul_f16,exact_smallm,128,32,8,0,0
11,0,f16,16384,24,80948619424,786432,matmul_f16,exact_smallm,12,32,8,0,0
11,1,q8_0,4096,1024,80879641664,4456448,matmul_q8_0,exact_smallm,512,32,4,0,0
11,2,q8_0,4096,512,80806110272,2228224,matmul_q8_0,exact_smallm,256,32,4,0,0
11,3,q8_0,1024,32768,80884098112,35651584,matmul_q8_0,exact_smallm,16384,32,4,0,0
11,4,q8_0,8192,4096,80843990080,35651584,combined_low_ext_b,shared_low_exact_b,2048,32,4,80808338496,35651584
11,5,f16,16384,24,80949405984,786432,matmul_f16,exact_smallm,12,32,8,0,0
11,6,f16,4096,256,80919767104,2097152,matmul_f16,exact_smallm,128,32,8,0,0
12,0,f16,16384,24,81130993824,786432,matmul_f16,exact_smallm,12,32,8,0,0
12,1,q8_0,4096,1024,81062016064,4456448,matmul_q8_0,exact_smallm,512,32,4,0,0
12,2,q8_0,4096,512,80988484672,2228224,matmul_q8_0,exact_smallm,256,32,4,0,0
12,3,q8_0,1024,32768,81066472512,35651584,matmul_q8_0,exact_smallm,16384,32,4,0,0
12,4,q8_0,8192,4096,81026364480,35651584,combined_low_ext_b,shared_low_exact_b,2048,32,4,80990712896,35651584
12,5,f16,16384,24,81131780384,786432,matmul_f16,exact_smallm,12,32,8,0,0
12,6,f16,4096,256,81102141504,2097152,matmul_f16,exact_smallm,128,32,8,0,0
13,0,f16,16384,24,81283604128,786432,matmul_f16,exact_smallm,12,32,8,0,0
13,1,q8_0,4096,1024,81214626368,4456448,matmul_q8_0,exact_smallm,512,32,4,0,0
13,2,q8_0,4096,512,81141094976,2228224,matmul_q8_0,exact_smallm,256,32,4,0,0
13,3,q8_0,1024,32768,81219082816,35651584,matmul_q8_0,exact_smallm,16384,32,4,0,0
13,4,q8_0,8192,4096,81178974784,35651584,combined_low_ext_b,shared_low_exact_b,2048,32,4,81143323200,35651584
13,5,f16,16384,24,81284390688,786432,matmul_f16,exact_smallm,12,32,8,0,0
13,6,f16,4096,256,81254751808,2097152,matmul_f16,exact_smallm,128,32,8,0,0
14,0,f16,16384,24,81465978528,786432,matmul_f16,exact_smallm,12,32,8,0,0
14,1,q8_0,4096,1024,81397000768,4456448,matmul_q8_0,exact_smallm,512,32,4,0,0
14,2,q8_0,4096,512,81323469376,2228224,matmul_q8_0,exact_smallm,256,32,4,0,0
14,3,q8_0,1024,32768,81401457216,35651584,matmul_q8_0,exact_smallm,16384,32,4,0,0
14,4,q8_0,8192,4096,81361349184,35651584,combined_low_ext_b,shared_low_exact_b,2048,32,4,81325697600,35651584
14,5,f16,16384,24,81466765088,786432,matmul_f16,exact_smallm,12,32,8,0,0
14,6,f16,4096,256,81437126208,2097152,matmul_f16,exact_smallm,128,32,8,0,0
15,0,f16,16384,24,81618588832,786432,matmul_f16,exact_smallm,12,32,8,0,0
15,1,q8_0,4096,1024,81549611072,4456448,matmul_q8_0,exact_smallm,512,32,4,0,0
15,2,q8_0,4096,512,81476079680,2228224,matmul_q8_0,exact_smallm,256,32,4,0,0
15,3,q8_0,1024,32768,81554067520,35651584,matmul_q8_0,exact_smallm,16384,32,4,0,0
15,4,q8_0,8192,4096,81513959488,35651584,combined_low_ext_b,shared_low_exact_b,2048,32,4,81478307904,35651584
15,5,f16,16384,24,81619375392,786432,matmul_f16,exact_smallm,12,32,8,0,0
15,6,f16,4096,256,81589736512,2097152,matmul_f16,exact_smallm,128,32,8,0,0
16,0,f16,16384,24,81800963232,786432,matmul_f16,exact_smallm,12,32,8,0,0
16,1,q8_0,4096,1024,81731985472,4456448,matmul_q8_0,exact_smallm,512,32,4,0,0
16,2,q8_0,4096,512,81658454080,2228224,matmul_q8_0,exact_smallm,256,32,4,0,0
16,3,q8_0,1024,32768,81736441920,35651584,matmul_q8_0,exact_smallm,16384,32,4,0,0
16,4,q8_0,8192,4096,81696333888,35651584,combined_low_ext_b,shared_low_exact_b,2048,32,4,81660682304,35651584
16,5,f16,16384,24,81801749792,786432,matmul_f16,exact_smallm,12,32,8,0,0
16,6,f16,4096,256,81772110912,2097152,matmul_f16,exact_smallm,128,32,8,0,0
17,0,f16,16384,24,81953573536,786432,matmul_f16,exact_smallm,12,32,8,0,0
17,1,q8_0,4096,1024,81884595776,4456448,matmul_q8_0,exact_smallm,512,32,4,0,0
17,2,q8_0,4096,512,81811064384,2228224,matmul_q8_0,exact_smallm,256,32,4,0,0
17,3,q8_0,1024,32768,81889052224,35651584,matmul_q8_0,exact_smallm,16384,32,4,0,0
17,4,q8_0,8192,4096,81848944192,35651584,combined_low_ext_b,shared_low_exact_b,2048,32,4,81813292608,35651584
17,5,f16,16384,24,81954360096,786432,matmul_f16,exact_smallm,12,32,8,0,0
17,6,f16,4096,256,81924721216,2097152,matmul_f16,exact_smallm,128,32,8,0,0
18,0,f16,16384,24,82135947936,786432,matmul_f16,exact_smallm,12,32,8,0,0
18,1,q8_0,4096,1024,82066970176,4456448,matmul_q8_0,exact_smallm,512,32,4,0,0
18,2,q8_0,4096,512,81993438784,2228224,matmul_q8_0,exact_smallm,256,32,4,0,0
18,3,q8_0,1024,32768,82071426624,35651584,matmul_q8_0,exact_smallm,16384,32,4,0,0
18,4,q8_0,8192,4096,82031318592,35651584,combined_low_ext_b,shared_low_exact_b,2048,32,4,81995667008,35651584
18,5,f16,16384,24,82136734496,786432,matmul_f16,exact_smallm,12,32,8,0,0
18,6,f16,4096,256,82107095616,2097152,matmul_f16,exact_smallm,128,32,8,0,0
19,0,f16,16384,24,82288558240,786432,matmul_f16,exact_smallm,12,32,8,0,0
19,1,q8_0,4096,1024,82219580480,4456448,matmul_q8_0,exact_smallm,512,32,4,0,0
19,2,q8_0,4096,512,82146049088,2228224,matmul_q8_0,exact_smallm,256,32,4,0,0
19,3,q8_0,1024,32768,82224036928,35651584,matmul_q8_0,exact_smallm,16384,32,4,0,0
19,4,q8_0,8192,4096,82183928896,35651584,combined_low_ext_b,shared_low_exact_b,2048,32,4,82148277312,35651584
19,5,f16,16384,24,82289344800,786432,matmul_f16,exact_smallm,12,32,8,0,0
19,6,f16,4096,256,82259705920,2097152,matmul_f16,exact_smallm,128,32,8,0,0
20,0,f16,16384,24,82470932640,786432,matmul_f16,exact_smallm,12,32,8,0,0
20,1,q8_0,4096,1024,82401954880,4456448,matmul_q8_0,exact_smallm,512,32,4,0,0
20,2,q8_0,4096,512,82328423488,2228224,matmul_q8_0,exact_smallm,256,32,4,0,0
20,3,q8_0,1024,32768,82406411328,35651584,matmul_q8_0,exact_smallm,16384,32,4,0,0
20,4,q8_0,8192,4096,82366303296,35651584,combined_low_ext_b,shared_low_exact_b,2048,32,4,82330651712,35651584
20,5,f16,16384,24,82471719200,786432,matmul_f16,exact_smallm,12,32,8,0,0
20,6,f16,4096,256,82442080320,2097152,matmul_f16,exact_smallm,128,32,8,0,0
21,0,f16,16384,24,82623542944,786432,matmul_f16,exact_smallm,12,32,8,0,0
21,1,q8_0,4096,1024,82554565184,4456448,matmul_q8_0,exact_smallm,512,32,4,0,0
21,2,q8_0,4096,512,82481033792,2228224,matmul_q8_0,exact_smallm,256,32,4,0,0
21,3,q8_0,1024,32768,82559021632,35651584,matmul_q8_0,exact_smallm,16384,32,4,0,0
21,4,q8_0,8192,4096,82518913600,35651584,combined_low_ext_b,shared_low_exact_b,2048,32,4,82483262016,35651584
21,5,f16,16384,24,82624329504,786432,matmul_f16,exact_smallm,12,32,8,0,0
21,6,f16,4096,256,82594690624,2097152,matmul_f16,exact_smallm,128,32,8,0,0
22,0,f16,16384,24,82805917344,786432,matmul_f16,exact_smallm,12,32,8,0,0
22,1,q8_0,4096,1024,82736939584,4456448,matmul_q8_0,exact_smallm,512,32,4,0,0
22,2,q8_0,4096,512,82663408192,2228224,matmul_q8_0,exact_smallm,256,32,4,0,0
22,3,q8_0,1024,32768,82741396032,35651584,matmul_q8_0,exact_smallm,16384,32,4,0,0
22,4,q8_0,8192,4096,82701288000,35651584,combined_low_ext_b,shared_low_exact_b,2048,32,4,82665636416,35651584
22,5,f16,16384,24,82806703904,786432,matmul_f16,exact_smallm,12,32,8,0,0
22,6,f16,4096,256,82777065024,2097152,matmul_f16,exact_smallm,128,32,8,0,0
23,0,f16,16384,24,82958527648,786432,matmul_f16,exact_smallm,12,32,8,0,0
23,1,q8_0,4096,1024,82889549888,4456448,matmul_q8_0,exact_smallm,512,32,4,0,0
23,2,q8_0,4096,512,82816018496,2228224,matmul_q8_0,exact_smallm,256,32,4,0,0
23,3,q8_0,1024,32768,82894006336,35651584,matmul_q8_0,exact_smallm,16384,32,4,0,0
23,4,q8_0,8192,4096,82853898304,35651584,combined_low_ext_b,shared_low_exact_b,2048,32,4,82818246720,35651584
23,5,f16,16384,24,82959314208,786432,matmul_f16,exact_smallm,12,32,8,0,0
23,6,f16,4096,256,82929675328,2097152,matmul_f16,exact_smallm,128,32,8,0,0
24,0,f16,16384,24,83140902048,786432,matmul_f16,exact_smallm,12,32,8,0,0
24,1,q8_0,4096,1024,83071924288,4456448,matmul_q8_0,exact_smallm,512,32,4,0,0
24,2,q8_0,4096,512,82998392896,2228224,matmul_q8_0,exact_smallm,256,32,4,0,0
24,3,q8_0,1024,32768,83076380736,35651584,matmul_q8_0,exact_smallm,16384,32,4,0,0
24,4,q8_0,8192,4096,83036272704,35651584,combined_low_ext_b,shared_low_exact_b,2048,32,4,83000621120,35651584
24,5,f16,16384,24,83141688608,786432,matmul_f16,exact_smallm,12,32,8,0,0
24,6,f16,4096,256,83112049728,2097152,matmul_f16,exact_smallm,128,32,8,0,0
25,0,f16,16384,24,83293512352,786432,matmul_f16,exact_smallm,12,32,8,0,0
25,1,q8_0,4096,1024,83224534592,4456448,matmul_q8_0,exact_smallm,512,32,4,0,0
25,2,q8_0,4096,512,83151003200,2228224,matmul_q8_0,exact_smallm,256,32,4,0,0
25,3,q8_0,1024,32768,83228991040,35651584,matmul_q8_0,exact_smallm,16384,32,4,0,0
25,4,q8_0,8192,4096,83188883008,35651584,combined_low_ext_b,shared_low_exact_b,2048,32,4,83153231424,35651584
25,5,f16,16384,24,83294298912,786432,matmul_f16,exact_smallm,12,32,8,0,0
25,6,f16,4096,256,83264660032,2097152,matmul_f16,exact_smallm,128,32,8,0,0
26,0,f16,16384,24,83475886752,786432,matmul_f16,exact_smallm,12,32,8,0,0
26,1,q8_0,4096,1024,83406908992,4456448,matmul_q8_0,exact_smallm,512,32,4,0,0
26,2,q8_0,4096,512,83333377600,2228224,matmul_q8_0,exact_smallm,256,32,4,0,0
26,3,q8_0,1024,32768,83411365440,35651584,matmul_q8_0,exact_smallm,16384,32,4,0,0
26,4,q8_0,8192,4096,83371257408,35651584,combined_low_ext_b,shared_low_exact_b,2048,32,4,83335605824,35651584
26,5,f16,16384,24,83476673312,786432,matmul_f16,exact_smallm,12,32,8,0,0
26,6,f16,4096,256,83447034432,2097152,matmul_f16,exact_smallm,128,32,8,0,0
27,0,f16,16384,24,83628497056,786432,matmul_f16,exact_smallm,12,32,8,0,0
27,1,q8_0,4096,1024,83559519296,4456448,matmul_q8_0,exact_smallm,512,32,4,0,0
27,2,q8_0,4096,512,83485987904,2228224,matmul_q8_0,exact_smallm,256,32,4,0,0
27,3,q8_0,1024,32768,83563975744,35651584,matmul_q8_0,exact_smallm,16384,32,4,0,0
27,4,q8_0,8192,4096,83523867712,35651584,combined_low_ext_b,shared_low_exact_b,2048,32,4,83488216128,35651584
27,5,f16,16384,24,83629283616,786432,matmul_f16,exact_smallm,12,32,8,0,0
27,6,f16,4096,256,83599644736,2097152,matmul_f16,exact_smallm,128,32,8,0,0
28,0,f16,16384,24,83810871456,786432,matmul_f16,exact_smallm,12,32,8,0,0
28,1,q8_0,4096,1024,83741893696,4456448,matmul_q8_0,exact_smallm,512,32,4,0,0
28,2,q8_0,4096,512,83668362304,2228224,matmul_q8_0,exact_smallm,256,32,4,0,0
28,3,q8_0,1024,32768,83746350144,35651584,matmul_q8_0,exact_smallm,16384,32,4,0,0
28,4,q8_0,8192,4096,83706242112,35651584,combined_low_ext_b,shared_low_exact_b,2048,32,4,83670590528,35651584
28,5,f16,16384,24,83811658016,786432,matmul_f16,exact_smallm,12,32,8,0,0
28,6,f16,4096,256,83782019136,2097152,matmul_f16,exact_smallm,128,32,8,0,0
29,0,f16,16384,24,83963481760,786432,matmul_f16,exact_smallm,12,32,8,0,0
29,1,q8_0,4096,1024,83894504000,4456448,matmul_q8_0,exact_smallm,512,32,4,0,0
29,2,q8_0,4096,512,83820972608,2228224,matmul_q8_0,exact_smallm,256,32,4,0,0
29,3,q8_0,1024,32768,83898960448,35651584,matmul_q8_0,exact_smallm,16384,32,4,0,0
29,4,q8_0,8192,4096,83858852416,35651584,combined_low_ext_b,shared_low_exact_b,2048,32,4,83823200832,35651584
29,5,f16,16384,24,83964268320,786432,matmul_f16,exact_smallm,12,32,8,0,0
29,6,f16,4096,256,83934629440,2097152,matmul_f16,exact_smallm,128,32,8,0,0
30,0,f16,16384,24,84145856160,786432,matmul_f16,exact_smallm,12,32,8,0,0
30,1,q8_0,4096,1024,84076878400,4456448,matmul_q8_0,exact_smallm,512,32,4,0,0
30,2,q8_0,4096,512,84003347008,2228224,matmul_q8_0,exact_smallm,256,32,4,0,0
30,3,q8_0,1024,32768,84081334848,35651584,matmul_q8_0,exact_smallm,16384,32,4,0,0
30,4,q8_0,8192,4096,84041226816,35651584,combined_low_ext_b,shared_low_exact_b,2048,32,4,84005575232,35651584
30,5,f16,16384,24,84146642720,786432,matmul_f16,exact_smallm,12,32,8,0,0
30,6,f16,4096,256,84117003840,2097152,matmul_f16,exact_smallm,128,32,8,0,0
31,0,f16,16384,24,84298466464,786432,matmul_f16,exact_smallm,12,32,8,0,0
31,1,q8_0,4096,1024,84229488704,4456448,matmul_q8_0,exact_smallm,512,32,4,0,0
31,2,q8_0,4096,512,84155957312,2228224,matmul_q8_0,exact_smallm,256,32,4,0,0
31,3,q8_0,1024,32768,84233945152,35651584,matmul_q8_0,exact_smallm,16384,32,4,0,0
31,4,q8_0,8192,4096,84193837120,35651584,combined_low_ext_b,shared_low_exact_b,2048,32,4,84158185536,35651584
31,5,f16,16384,24,84299253024,786432,matmul_f16,exact_smallm,12,32,8,0,0
31,6,f16,4096,256,84269614144,2097152,matmul_f16,exact_smallm,128,32,8,0,0
32,0,f16,16384,24,84480840864,786432,matmul_f16,exact_smallm,12,32,8,0,0
32,1,q8_0,4096,1024,84411863104,4456448,matmul_q8_0,exact_smallm,512,32,4,0,0
32,2,q8_0,4096,512,84338331712,2228224,matmul_q8_0,exact_smallm,256,32,4,0,0
32,3,q8_0,1024,32768,84416319552,35651584,matmul_q8_0,exact_smallm,16384,32,4,0,0
32,4,q8_0,8192,4096,84376211520,35651584,combined_low_ext_b,shared_low_exact_b,2048,32,4,84340559936,35651584
32,5,f16,16384,24,84481627424,786432,matmul_f16,exact_smallm,12,32,8,0,0
32,6,f16,4096,256,84451988544,2097152,matmul_f16,exact_smallm,128,32,8,0,0
33,0,f16,16384,24,84633451168,786432,matmul_f16,exact_smallm,12,32,8,0,0
33,1,q8_0,4096,1024,84564473408,4456448,matmul_q8_0,exact_smallm,512,32,4,0,0
33,2,q8_0,4096,512,84490942016,2228224,matmul_q8_0,exact_smallm,256,32,4,0,0
33,3,q8_0,1024,32768,84568929856,35651584,matmul_q8_0,exact_smallm,16384,32,4,0,0
33,4,q8_0,8192,4096,84528821824,35651584,combined_low_ext_b,shared_low_exact_b,2048,32,4,84493170240,35651584
33,5,f16,16384,24,84634237728,786432,matmul_f16,exact_smallm,12,32,8,0,0
33,6,f16,4096,256,84604598848,2097152,matmul_f16,exact_smallm,128,32,8,0,0
34,0,f16,16384,24,84815825568,786432,matmul_f16,exact_smallm,12,32,8,0,0
34,1,q8_0,4096,1024,84746847808,4456448,matmul_q8_0,exact_smallm,512,32,4,0,0
34,2,q8_0,4096,512,84673316416,2228224,matmul_q8_0,exact_smallm,256,32,4,0,0
34,3,q8_0,1024,32768,84751304256,35651584,matmul_q8_0,exact_smallm,16384,32,4,0,0
34,4,q8_0,8192,4096,84711196224,35651584,combined_low_ext_b,shared_low_exact_b,2048,32,4,84675544640,35651584
34,5,f16,16384,24,84816612128,786432,matmul_f16,exact_smallm,12,32,8,0,0
34,6,f16,4096,256,84786973248,2097152,matmul_f16,exact_smallm,128,32,8,0,0
35,0,f16,16384,24,84968435872,786432,matmul_f16,exact_smallm,12,32,8,0,0
35,1,q8_0,4096,1024,84899458112,4456448,matmul_q8_0,exact_smallm,512,32,4,0,0
35,2,q8_0,4096,512,84825926720,2228224,matmul_q8_0,exact_smallm,256,32,4,0,0
35,3,q8_0,1024,32768,84903914560,35651584,matmul_q8_0,exact_smallm,16384,32,4,0,0
35,4,q8_0,8192,4096,84863806528,35651584,combined_low_ext_b,shared_low_exact_b,2048,32,4,84828154944,35651584
35,5,f16,16384,24,84969222432,786432,matmul_f16,exact_smallm,12,32,8,0,0
35,6,f16,4096,256,84939583552,2097152,matmul_f16,exact_smallm,128,32,8,0,0
36,0,f16,16384,24,85150810272,786432,matmul_f16,exact_smallm,12,32,8,0,0
36,1,q8_0,4096,1024,85081832512,4456448,matmul_q8_0,exact_smallm,512,32,4,0,0
36,2,q8_0,4096,512,85008301120,2228224,matmul_q8_0,exact_smallm,256,32,4,0,0
36,3,q8_0,1024,32768,85086288960,35651584,matmul_q8_0,exact_smallm,16384,32,4,0,0
36,4,q8_0,8192,4096,85046180928,35651584,combined_low_ext_b,shared_low_exact_b,2048,32,4,85010529344,35651584
36,5,f16,16384,24,85151596832,786432,matmul_f16,exact_smallm,12,32,8,0,0
36,6,f16,4096,256,85121957952,2097152,matmul_f16,exact_smallm,128,32,8,0,0
37,0,f16,16384,24,85303420576,786432,matmul_f16,exact_smallm,12,32,8,0,0
37,1,q8_0,4096,1024,85234442816,4456448,matmul_q8_0,exact_smallm,512,32,4,0,0
37,2,q8_0,4096,512,85160911424,2228224,matmul_q8_0,exact_smallm,256,32,4,0,0
37,3,q8_0,1024,32768,85238899264,35651584,matmul_q8_0,exact_smallm,16384,32,4,0,0
37,4,q8_0,8192,4096,85198791232,35651584,combined_low_ext_b,shared_low_exact_b,2048,32,4,85163139648,35651584
37,5,f16,16384,24,85304207136,786432,matmul_f16,exact_smallm,12,32,8,0,0
37,6,f16,4096,256,85274568256,2097152,matmul_f16,exact_smallm,128,32,8,0,0
38,0,f16,16384,24,85485794976,786432,matmul_f16,exact_smallm,12,32,8,0,0
38,1,q8_0,4096,1024,85416817216,4456448,matmul_q8_0,exact_smallm,512,32,4,0,0
38,2,q8_0,4096,512,85343285824,2228224,matmul_q8_0,exact_smallm,256,32,4,0,0
38,3,q8_0,1024,32768,85421273664,35651584,matmul_q8_0,exact_smallm,16384,32,4,0,0
38,4,q8_0,8192,4096,85381165632,35651584,combined_low_ext_b,shared_low_exact_b,2048,32,4,85345514048,35651584
38,5,f16,16384,24,85486581536,786432,matmul_f16,exact_smallm,12,32,8,0,0
38,6,f16,4096,256,85456942656,2097152,matmul_f16,exact_smallm,128,32,8,0,0
39,0,f16,16384,24,85638405280,786432,matmul_f16,exact_smallm,12,32,8,0,0
39,1,q8_0,4096,1024,85569427520,4456448,matmul_q8_0,exact_smallm,512,32,4,0,0
39,2,q8_0,4096,512,85495896128,2228224,matmul_q8_0,exact_smallm,256,32,4,0,0
39,3,q8_0,1024,32768,85573883968,35651584,matmul_q8_0,exact_smallm,16384,32,4,0,0
39,4,q8_0,8192,4096,85533775936,35651584,combined_low_ext_b,shared_low_exact_b,2048,32,4,85498124352,35651584
39,5,f16,16384,24,85639191840,786432,matmul_f16,exact_smallm,12,32,8,0,0
39,6,f16,4096,256,85609552960,2097152,matmul_f16,exact_smallm,128,32,8,0,0
40,0,f16,16384,24,85820779680,786432,matmul_f16,exact_smallm,12,32,8,0,0
40,1,q8_0,4096,1024,85751801920,4456448,matmul_q8_0,exact_smallm,512,32,4,0,0
40,2,q8_0,4096,512,85678270528,2228224,matmul_q8_0,exact_smallm,256,32,4,0,0
40,3,q8_0,1024,32768,85756258368,35651584,matmul_q8_0,exact_smallm,16384,32,4,0,0
40,4,q8_0,8192,4096,85716150336,35651584,combined_low_ext_b,shared_low_exact_b,2048,32,4,85680498752,35651584
40,5,f16,16384,24,85821566240,786432,matmul_f16,exact_smallm,12,32,8,0,0
40,6,f16,4096,256,85791927360,2097152,matmul_f16,exact_smallm,128,32,8,0,0
41,0,f16,16384,24,85973389984,786432,matmul_f16,exact_smallm,12,32,8,0,0
41,1,q8_0,4096,1024,85904412224,4456448,matmul_q8_0,exact_smallm,512,32,4,0,0
41,2,q8_0,4096,512,85830880832,2228224,matmul_q8_0,exact_smallm,256,32,4,0,0
41,3,q8_0,1024,32768,85908868672,35651584,matmul_q8_0,exact_smallm,16384,32,4,0,0
41,4,q8_0,8192,4096,85868760640,35651584,combined_low_ext_b,shared_low_exact_b,2048,32,4,85833109056,35651584
41,5,f16,16384,24,85974176544,786432,matmul_f16,exact_smallm,12,32,8,0,0
41,6,f16,4096,256,85944537664,2097152,matmul_f16,exact_smallm,128,32,8,0,0
42,0,f16,16384,24,86155764384,786432,matmul_f16,exact_smallm,12,32,8,0,0
42,1,q8_0,4096,1024,86086786624,4456448,matmul_q8_0,exact_smallm,512,32,4,0,0
42,2,q8_0,4096,512,86013255232,2228224,matmul_q8_0,exact_smallm,256,32,4,0,0
42,3,q8_0,1024,32768,86091243072,35651584,matmul_q8_0,exact_smallm,16384,32,4,0,0
42,4,q8_0,8192,4096,86051135040,35651584,combined_low_ext_b,shared_low_exact_b,2048,32,4,86015483456,35651584
42,5,f16,16384,24,86156550944,786432,matmul_f16,exact_smallm,12,32,8,0,0
42,6,f16,4096,256,86126912064,2097152,matmul_f16,exact_smallm,128,32,8,0,0
